CREATE TABLE Fahrzeuge (
    id INTEGER,
    modell VARCHAR,
    antrieb VARCHAR,
    kapatizaet NUMERIC(8, 3),
    verbrauch NUMERIC(8, 3),
    ladeleistung NUMERIC(8, 3)
);

ALTER TABLE FAHRZEUGE ADD PRIMARY KEY (id);

INSERT INTO Fahrzeuge VALUES (2, 'Tesla Model 3', 'Vollelektrisch', 80.0, 16.0, 4);
INSERT INTO Fahrzeuge VALUES (1, 'BMW i4', 'Vollelektrisch', 60.0, 14.0, 4);

CREATE TABLE Fahrten (
    id INTEGER PRIMARY KEY,
    fahrzeug INTEGER,
    ankunftTag DATE,
    ankunftUhrzeit TIME,
    abfahrtTag DATE,
    abfahrtUhrzeit TIME,
    notwendigeLadung NUMERIC(8, 3)
);

ALTER TABLE Fahrten ADD FOREIGN KEY (fahrzeug) REFERENCES Fahrzeuge(id);

INSERT INTO Fahrten VALUES (1, 1, '2024-01-01', '14:40:00', '2024-01-02', '06:00:00', 25.0);
INSERT INTO Fahrten VALUES (2, 1, '2024-01-02', '12:45:00', '2024-01-03', '06:10:00', 21.0);
INSERT INTO Fahrten VALUES (3, 1, '2024-01-03', '14:00:00', '2024-01-04', '11:05:00', 18.0);
INSERT INTO Fahrten VALUES (4, 1, '2024-01-04', '19:10:00', '2024-01-06', '17:20:00', 60.0);
INSERT INTO Fahrten VALUES (5, 2, '2024-01-01', '13:00:00', '2024-01-02', '17:00:00', 13.0);
INSERT INTO Fahrten VALUES (6, 2, '2024-01-02', '21:00:00', '2024-01-03', '14:11:00', 21.0);
INSERT INTO Fahrten VALUES (7, 2, '2024-01-03', '15:05:00', '2024-01-03', '17:00:00', 5.0);
INSERT INTO Fahrten VALUES (8, 2, '2024-01-03', '19:10:00', '2024-01-04', '15:30:00', 30.0);
INSERT INTO Fahrten VALUES (9, 2, '2024-01-04', '19:00:00', '2024-01-05', '17:25:00', 62.0);
INSERT INTO Fahrten VALUES (10, 2, '2024-01-05', '21:10:00', '2024-01-06', '14:35:00', 12.0);

CREATE TABLE Prognose (
    tag DATE,
    uhrzeitStart TIME,
    uhrzeitEnde TIME,
    watt NUMERIC(8, 3)
);

INSERT INTO Prognose VALUES ('2024-01-01', '00:00:00', '00:59:00', 0.0);
INSERT INTO Prognose VALUES ('2024-01-01', '01:00:00', '01:59:00', 0.0);
INSERT INTO Prognose VALUES ('2024-01-01', '02:00:00', '02:59:00', 0.0);
INSERT INTO Prognose VALUES ('2024-01-01', '03:00:00', '03:59:00', 0.0);
INSERT INTO Prognose VALUES ('2024-01-01', '04:00:00', '04:59:00', 0.0);
INSERT INTO Prognose VALUES ('2024-01-01', '05:00:00', '05:59:00', 0.0);
INSERT INTO Prognose VALUES ('2024-01-01', '06:00:00', '06:59:00', 0.0);
INSERT INTO Prognose VALUES ('2024-01-01', '07:00:00', '07:59:00', 0.0);
INSERT INTO Prognose VALUES ('2024-01-01', '08:00:00', '08:59:00', 113.05);
INSERT INTO Prognose VALUES ('2024-01-01', '09:00:00', '09:59:00', 1119.3);
INSERT INTO Prognose VALUES ('2024-01-01', '10:00:00', '10:59:00', 663.6);
INSERT INTO Prognose VALUES ('2024-01-01', '11:00:00', '11:59:00', 1693.02);
INSERT INTO Prognose VALUES ('2024-01-01', '12:00:00', '12:59:00', 691.54);
INSERT INTO Prognose VALUES ('2024-01-01', '13:00:00', '13:59:00', 1392.68);
INSERT INTO Prognose VALUES ('2024-01-01', '14:00:00', '14:59:00', 798.87);
INSERT INTO Prognose VALUES ('2024-01-01', '15:00:00', '15:59:00', 374.9);
INSERT INTO Prognose VALUES ('2024-01-01', '16:00:00', '16:59:00', 22.125);
INSERT INTO Prognose VALUES ('2024-01-01', '17:00:00', '17:59:00', 0.0);
INSERT INTO Prognose VALUES ('2024-01-01', '18:00:00', '18:59:00', 0.0);
INSERT INTO Prognose VALUES ('2024-01-01', '19:00:00', '19:59:00', 0.0);
INSERT INTO Prognose VALUES ('2024-01-01', '20:00:00', '20:59:00', 0.0);
INSERT INTO Prognose VALUES ('2024-01-01', '21:00:00', '21:59:00', 0.0);
INSERT INTO Prognose VALUES ('2024-01-01', '22:00:00', '22:59:00', 0.0);
INSERT INTO Prognose VALUES ('2024-01-01', '23:00:00', '23:59:00', 0.0);
INSERT INTO Prognose VALUES ('2024-01-02', '00:00:00', '00:59:00', 0.0);
INSERT INTO Prognose VALUES ('2024-01-02', '01:00:00', '01:59:00', 0.0);
INSERT INTO Prognose VALUES ('2024-01-02', '02:00:00', '02:59:00', 0.0);
INSERT INTO Prognose VALUES ('2024-01-02', '03:00:00', '03:59:00', 0.0);
INSERT INTO Prognose VALUES ('2024-01-02', '04:00:00', '04:59:00', 0.0);
INSERT INTO Prognose VALUES ('2024-01-02', '05:00:00', '05:59:00', 0.0);
INSERT INTO Prognose VALUES ('2024-01-02', '06:00:00', '06:59:00', 0.0);
INSERT INTO Prognose VALUES ('2024-01-02', '07:00:00', '07:59:00', 0.0);
INSERT INTO Prognose VALUES ('2024-01-02', '08:00:00', '08:59:00', 23.009999999999998);
INSERT INTO Prognose VALUES ('2024-01-02', '09:00:00', '09:59:00', 203.50000000000003);
INSERT INTO Prognose VALUES ('2024-01-02', '10:00:00', '10:59:00', 990.5999999999999);
INSERT INTO Prognose VALUES ('2024-01-02', '11:00:00', '11:59:00', 1143.8300000000002);
INSERT INTO Prognose VALUES ('2024-01-02', '12:00:00', '12:59:00', 781.44);
INSERT INTO Prognose VALUES ('2024-01-02', '13:00:00', '13:59:00', 631.4);
INSERT INTO Prognose VALUES ('2024-01-02', '14:00:00', '14:59:00', 546.12);
INSERT INTO Prognose VALUES ('2024-01-02', '15:00:00', '15:59:00', 109.60460000000002);
INSERT INTO Prognose VALUES ('2024-01-02', '16:00:00', '16:59:00', 366.24);
INSERT INTO Prognose VALUES ('2024-01-02', '17:00:00', '17:59:00', 0.0);
INSERT INTO Prognose VALUES ('2024-01-02', '18:00:00', '18:59:00', 0.0);
INSERT INTO Prognose VALUES ('2024-01-02', '19:00:00', '19:59:00', 0.0);
INSERT INTO Prognose VALUES ('2024-01-02', '20:00:00', '20:59:00', 0.0);
INSERT INTO Prognose VALUES ('2024-01-02', '21:00:00', '21:59:00', 0.0);
INSERT INTO Prognose VALUES ('2024-01-02', '22:00:00', '22:59:00', 0.0);
INSERT INTO Prognose VALUES ('2024-01-02', '23:00:00', '23:59:00', 0.0);
INSERT INTO Prognose VALUES ('2024-01-03', '00:00:00', '00:59:00', 0.0);
INSERT INTO Prognose VALUES ('2024-01-03', '01:00:00', '01:59:00', 0.0);
INSERT INTO Prognose VALUES ('2024-01-03', '02:00:00', '02:59:00', 0.0);
INSERT INTO Prognose VALUES ('2024-01-03', '03:00:00', '03:59:00', 0.0);
INSERT INTO Prognose VALUES ('2024-01-03', '04:00:00', '04:59:00', 0.0);
INSERT INTO Prognose VALUES ('2024-01-03', '05:00:00', '05:59:00', 0.0);
INSERT INTO Prognose VALUES ('2024-01-03', '06:00:00', '06:59:00', 0.0);
INSERT INTO Prognose VALUES ('2024-01-03', '07:00:00', '07:59:00', 0.0);
INSERT INTO Prognose VALUES ('2024-01-03', '08:00:00', '08:59:00', 128.8);
INSERT INTO Prognose VALUES ('2024-01-03', '09:00:00', '09:59:00', 901.6000000000001);
INSERT INTO Prognose VALUES ('2024-01-03', '10:00:00', '10:59:00', 1479.87);
INSERT INTO Prognose VALUES ('2024-01-03', '11:00:00', '11:59:00', 1219.34);
INSERT INTO Prognose VALUES ('2024-01-03', '12:00:00', '12:59:00', 1814.1399999999999);
INSERT INTO Prognose VALUES ('2024-01-03', '13:00:00', '13:59:00', 3562.36);
INSERT INTO Prognose VALUES ('2024-01-03', '14:00:00', '14:59:00', 1513.84);
INSERT INTO Prognose VALUES ('2024-01-03', '15:00:00', '15:59:00', 209.56);
INSERT INTO Prognose VALUES ('2024-01-03', '16:00:00', '16:59:00', 31.32);
INSERT INTO Prognose VALUES ('2024-01-03', '17:00:00', '17:59:00', 0.0);
INSERT INTO Prognose VALUES ('2024-01-03', '18:00:00', '18:59:00', 0.0);
INSERT INTO Prognose VALUES ('2024-01-03', '19:00:00', '19:59:00', 0.0);
INSERT INTO Prognose VALUES ('2024-01-03', '20:00:00', '20:59:00', 0.0);
INSERT INTO Prognose VALUES ('2024-01-03', '21:00:00', '21:59:00', 0.0);
INSERT INTO Prognose VALUES ('2024-01-03', '22:00:00', '22:59:00', 0.0);
INSERT INTO Prognose VALUES ('2024-01-03', '23:00:00', '23:59:00', 0.0);
INSERT INTO Prognose VALUES ('2024-01-04', '00:00:00', '00:59:00', 0.0);
INSERT INTO Prognose VALUES ('2024-01-04', '01:00:00', '01:59:00', 0.0);
INSERT INTO Prognose VALUES ('2024-01-04', '02:00:00', '02:59:00', 0.0);
INSERT INTO Prognose VALUES ('2024-01-04', '03:00:00', '03:59:00', 0.0);
INSERT INTO Prognose VALUES ('2024-01-04', '04:00:00', '04:59:00', 0.0);
INSERT INTO Prognose VALUES ('2024-01-04', '05:00:00', '05:59:00', 0.0);
INSERT INTO Prognose VALUES ('2024-01-04', '06:00:00', '06:59:00', 0.0);
INSERT INTO Prognose VALUES ('2024-01-04', '07:00:00', '07:59:00', 0.0);
INSERT INTO Prognose VALUES ('2024-01-04', '08:00:00', '08:59:00', 47.88);
INSERT INTO Prognose VALUES ('2024-01-04', '09:00:00', '09:59:00', 660.03);
INSERT INTO Prognose VALUES ('2024-01-04', '10:00:00', '10:59:00', 213.12);
INSERT INTO Prognose VALUES ('2024-01-04', '11:00:00', '11:59:00', 163.18);
INSERT INTO Prognose VALUES ('2024-01-04', '12:00:00', '12:59:00', 116.28);
INSERT INTO Prognose VALUES ('2024-01-04', '13:00:00', '13:59:00', 787.36);
INSERT INTO Prognose VALUES ('2024-01-04', '14:00:00', '14:59:00', 323.01);
INSERT INTO Prognose VALUES ('2024-01-04', '15:00:00', '15:59:00', 141.48);
INSERT INTO Prognose VALUES ('2024-01-04', '16:00:00', '16:59:00', 42.0);
INSERT INTO Prognose VALUES ('2024-01-04', '17:00:00', '17:59:00', 0.0);
INSERT INTO Prognose VALUES ('2024-01-04', '18:00:00', '18:59:00', 0.0);
INSERT INTO Prognose VALUES ('2024-01-04', '19:00:00', '19:59:00', 0.0);
INSERT INTO Prognose VALUES ('2024-01-04', '20:00:00', '20:59:00', 0.0);
INSERT INTO Prognose VALUES ('2024-01-04', '21:00:00', '21:59:00', 0.0);
INSERT INTO Prognose VALUES ('2024-01-04', '22:00:00', '22:59:00', 0.0);
INSERT INTO Prognose VALUES ('2024-01-04', '23:00:00', '23:59:00', 0.0);
INSERT INTO Prognose VALUES ('2024-01-05', '00:00:00', '00:59:00', 0.0);
INSERT INTO Prognose VALUES ('2024-01-05', '01:00:00', '01:59:00', 0.0);
INSERT INTO Prognose VALUES ('2024-01-05', '02:00:00', '02:59:00', 0.0);
INSERT INTO Prognose VALUES ('2024-01-05', '03:00:00', '03:59:00', 0.0);
INSERT INTO Prognose VALUES ('2024-01-05', '04:00:00', '04:59:00', 0.0);
INSERT INTO Prognose VALUES ('2024-01-05', '05:00:00', '05:59:00', 0.0);
INSERT INTO Prognose VALUES ('2024-01-05', '06:00:00', '06:59:00', 0.0);
INSERT INTO Prognose VALUES ('2024-01-05', '07:00:00', '07:59:00', 0.0);
INSERT INTO Prognose VALUES ('2024-01-05', '08:00:00', '08:59:00', 122.2);
INSERT INTO Prognose VALUES ('2024-01-05', '09:00:00', '09:59:00', 1007.37);
INSERT INTO Prognose VALUES ('2024-01-05', '10:00:00', '10:59:00', 1311.12);
INSERT INTO Prognose VALUES ('2024-01-05', '11:00:00', '11:59:00', 2713.95);
INSERT INTO Prognose VALUES ('2024-01-05', '12:00:00', '12:59:00', 2521.64);
INSERT INTO Prognose VALUES ('2024-01-05', '13:00:00', '13:59:00', 847.09);
INSERT INTO Prognose VALUES ('2024-01-05', '14:00:00', '14:59:00', 409.4);
INSERT INTO Prognose VALUES ('2024-01-05', '15:00:00', '15:59:00', 636.23);
INSERT INTO Prognose VALUES ('2024-01-05', '16:00:00', '16:59:00', 120.6);
INSERT INTO Prognose VALUES ('2024-01-05', '17:00:00', '17:59:00', 0.0);
INSERT INTO Prognose VALUES ('2024-01-05', '18:00:00', '18:59:00', 0.0);
INSERT INTO Prognose VALUES ('2024-01-05', '19:00:00', '19:59:00', 0.0);
INSERT INTO Prognose VALUES ('2024-01-05', '20:00:00', '20:59:00', 0.0);
INSERT INTO Prognose VALUES ('2024-01-05', '21:00:00', '21:59:00', 0.0);
INSERT INTO Prognose VALUES ('2024-01-05', '22:00:00', '22:59:00', 0.0);
INSERT INTO Prognose VALUES ('2024-01-05', '23:00:00', '23:59:00', 0.0);
INSERT INTO Prognose VALUES ('2024-01-06', '00:00:00', '00:59:00', 0.0);
INSERT INTO Prognose VALUES ('2024-01-06', '01:00:00', '01:59:00', 0.0);
INSERT INTO Prognose VALUES ('2024-01-06', '02:00:00', '02:59:00', 0.0);
INSERT INTO Prognose VALUES ('2024-01-06', '03:00:00', '03:59:00', 0.0);
INSERT INTO Prognose VALUES ('2024-01-06', '04:00:00', '04:59:00', 0.0);
INSERT INTO Prognose VALUES ('2024-01-06', '05:00:00', '05:59:00', 0.0);
INSERT INTO Prognose VALUES ('2024-01-06', '06:00:00', '06:59:00', 0.0);
INSERT INTO Prognose VALUES ('2024-01-06', '07:00:00', '07:59:00', 0.0);
INSERT INTO Prognose VALUES ('2024-01-06', '08:00:00', '08:59:00', 132.08);
INSERT INTO Prognose VALUES ('2024-01-06', '09:00:00', '09:59:00', 1582.08);
INSERT INTO Prognose VALUES ('2024-01-06', '10:00:00', '10:59:00', 1309.5);
INSERT INTO Prognose VALUES ('2024-01-06', '11:00:00', '11:59:00', 2310.75);
INSERT INTO Prognose VALUES ('2024-01-06', '12:00:00', '12:59:00', 2147.95);
INSERT INTO Prognose VALUES ('2024-01-06', '13:00:00', '13:59:00', 997.1);
INSERT INTO Prognose VALUES ('2024-01-06', '14:00:00', '14:59:00', 3029.1);
INSERT INTO Prognose VALUES ('2024-01-06', '15:00:00', '15:59:00', 830.76);
INSERT INTO Prognose VALUES ('2024-01-06', '16:00:00', '16:59:00', 99.4);
INSERT INTO Prognose VALUES ('2024-01-06', '17:00:00', '17:59:00', 0.0);
INSERT INTO Prognose VALUES ('2024-01-06', '18:00:00', '18:59:00', 0.0);
INSERT INTO Prognose VALUES ('2024-01-06', '19:00:00', '19:59:00', 0.0);
INSERT INTO Prognose VALUES ('2024-01-06', '20:00:00', '20:59:00', 0.0);
INSERT INTO Prognose VALUES ('2024-01-06', '21:00:00', '21:59:00', 0.0);
INSERT INTO Prognose VALUES ('2024-01-06', '22:00:00', '22:59:00', 0.0);
INSERT INTO Prognose VALUES ('2024-01-06', '23:00:00', '23:59:00', 0.0);

CREATE TABLE Erzeugung (
    tag DATE,
    uhrzeit TIME,
    erzeugung NUMERIC(8, 3)
);



INSERT INTO Erzeugung VALUES ('2024-01-01', '02:30:00', 0);
INSERT INTO Erzeugung VALUES ('2024-01-01', '02:35:00', 0);
INSERT INTO Erzeugung VALUES ('2024-01-01', '02:40:00', 0);
INSERT INTO Erzeugung VALUES ('2024-01-01', '02:45:00', 0);
INSERT INTO Erzeugung VALUES ('2024-01-01', '02:50:00', 0);
INSERT INTO Erzeugung VALUES ('2024-01-01', '02:55:00', 0);
INSERT INTO Erzeugung VALUES ('2024-01-01', '03:00:00', 0);
INSERT INTO Erzeugung VALUES ('2024-01-01', '03:05:00', 0);
INSERT INTO Erzeugung VALUES ('2024-01-01', '03:10:00', 0);
INSERT INTO Erzeugung VALUES ('2024-01-01', '03:15:00', 0);
INSERT INTO Erzeugung VALUES ('2024-01-01', '03:20:00', 0);
INSERT INTO Erzeugung VALUES ('2024-01-01', '03:25:00', 0);
INSERT INTO Erzeugung VALUES ('2024-01-01', '03:30:00', 0);
INSERT INTO Erzeugung VALUES ('2024-01-01', '03:35:00', 0);
INSERT INTO Erzeugung VALUES ('2024-01-01', '03:40:00', 0);
INSERT INTO Erzeugung VALUES ('2024-01-01', '03:45:00', 0);
INSERT INTO Erzeugung VALUES ('2024-01-01', '03:50:00', 0);
INSERT INTO Erzeugung VALUES ('2024-01-01', '03:55:00', 0);
INSERT INTO Erzeugung VALUES ('2024-01-01', '04:00:00', 0);
INSERT INTO Erzeugung VALUES ('2024-01-01', '04:05:00', 0);
INSERT INTO Erzeugung VALUES ('2024-01-01', '04:10:00', 0);
INSERT INTO Erzeugung VALUES ('2024-01-01', '04:15:00', 0);
INSERT INTO Erzeugung VALUES ('2024-01-01', '04:20:00', 0);
INSERT INTO Erzeugung VALUES ('2024-01-01', '04:25:00', 0);
INSERT INTO Erzeugung VALUES ('2024-01-01', '04:30:00', 0);
INSERT INTO Erzeugung VALUES ('2024-01-01', '04:35:00', 0);
INSERT INTO Erzeugung VALUES ('2024-01-01', '04:40:00', 0);
INSERT INTO Erzeugung VALUES ('2024-01-01', '04:45:00', 0);
INSERT INTO Erzeugung VALUES ('2024-01-01', '04:50:00', 0);
INSERT INTO Erzeugung VALUES ('2024-01-01', '04:55:00', 0);
INSERT INTO Erzeugung VALUES ('2024-01-01', '05:00:00', 0);
INSERT INTO Erzeugung VALUES ('2024-01-01', '05:05:00', 0);
INSERT INTO Erzeugung VALUES ('2024-01-01', '05:10:00', 0);
INSERT INTO Erzeugung VALUES ('2024-01-01', '05:15:00', 0);
INSERT INTO Erzeugung VALUES ('2024-01-01', '05:20:00', 0);
INSERT INTO Erzeugung VALUES ('2024-01-01', '05:25:00', 0);
INSERT INTO Erzeugung VALUES ('2024-01-01', '05:30:00', 0);
INSERT INTO Erzeugung VALUES ('2024-01-01', '05:35:00', 0);
INSERT INTO Erzeugung VALUES ('2024-01-01', '05:40:00', 0);
INSERT INTO Erzeugung VALUES ('2024-01-01', '05:45:00', 0);
INSERT INTO Erzeugung VALUES ('2024-01-01', '05:50:00', 0);
INSERT INTO Erzeugung VALUES ('2024-01-01', '05:55:00', 0);
INSERT INTO Erzeugung VALUES ('2024-01-01', '06:00:00', 0);
INSERT INTO Erzeugung VALUES ('2024-01-01', '06:05:00', 0);
INSERT INTO Erzeugung VALUES ('2024-01-01', '06:10:00', 0);
INSERT INTO Erzeugung VALUES ('2024-01-01', '06:15:00', 0);
INSERT INTO Erzeugung VALUES ('2024-01-01', '06:20:00', 0);
INSERT INTO Erzeugung VALUES ('2024-01-01', '06:25:00', 0);
INSERT INTO Erzeugung VALUES ('2024-01-01', '06:30:00', 0);
INSERT INTO Erzeugung VALUES ('2024-01-01', '06:35:00', 0);
INSERT INTO Erzeugung VALUES ('2024-01-01', '06:40:00', 0);
INSERT INTO Erzeugung VALUES ('2024-01-01', '06:45:00', 0);
INSERT INTO Erzeugung VALUES ('2024-01-01', '06:50:00', 0);
INSERT INTO Erzeugung VALUES ('2024-01-01', '06:55:00', 0);
INSERT INTO Erzeugung VALUES ('2024-01-01', '07:00:00', 0);
INSERT INTO Erzeugung VALUES ('2024-01-01', '07:05:00', 0);
INSERT INTO Erzeugung VALUES ('2024-01-01', '07:10:00', 0);
INSERT INTO Erzeugung VALUES ('2024-01-01', '07:15:00', 0);
INSERT INTO Erzeugung VALUES ('2024-01-01', '07:20:00', 0);
INSERT INTO Erzeugung VALUES ('2024-01-01', '07:25:00', 0);
INSERT INTO Erzeugung VALUES ('2024-01-01', '07:30:00', 0);
INSERT INTO Erzeugung VALUES ('2024-01-01', '07:35:00', 0);
INSERT INTO Erzeugung VALUES ('2024-01-01', '07:40:00', 0);
INSERT INTO Erzeugung VALUES ('2024-01-01', '07:45:00', 0);
INSERT INTO Erzeugung VALUES ('2024-01-01', '07:50:00', 0);
INSERT INTO Erzeugung VALUES ('2024-01-01', '07:55:00', 0);
INSERT INTO Erzeugung VALUES ('2024-01-01', '08:00:00', 0);
INSERT INTO Erzeugung VALUES ('2024-01-01', '08:05:00', 0);
INSERT INTO Erzeugung VALUES ('2024-01-01', '08:10:00', 0);
INSERT INTO Erzeugung VALUES ('2024-01-01', '08:15:00', 0);
INSERT INTO Erzeugung VALUES ('2024-01-01', '08:20:00', 15);
INSERT INTO Erzeugung VALUES ('2024-01-01', '08:25:00', 49);
INSERT INTO Erzeugung VALUES ('2024-01-01', '08:30:00', 91);
INSERT INTO Erzeugung VALUES ('2024-01-01', '08:35:00', 153);
INSERT INTO Erzeugung VALUES ('2024-01-01', '08:40:00', 174);
INSERT INTO Erzeugung VALUES ('2024-01-01', '08:45:00', 258);
INSERT INTO Erzeugung VALUES ('2024-01-01', '08:50:00', 318);
INSERT INTO Erzeugung VALUES ('2024-01-01', '08:55:00', 371);
INSERT INTO Erzeugung VALUES ('2024-01-01', '09:00:00', 391);
INSERT INTO Erzeugung VALUES ('2024-01-01', '09:05:00', 505);
INSERT INTO Erzeugung VALUES ('2024-01-01', '09:10:00', 795);
INSERT INTO Erzeugung VALUES ('2024-01-01', '09:15:00', 577);
INSERT INTO Erzeugung VALUES ('2024-01-01', '09:20:00', 574);
INSERT INTO Erzeugung VALUES ('2024-01-01', '09:25:00', 828);
INSERT INTO Erzeugung VALUES ('2024-01-01', '09:30:00', 967);
INSERT INTO Erzeugung VALUES ('2024-01-01', '09:35:00', 1279);
INSERT INTO Erzeugung VALUES ('2024-01-01', '09:40:00', 1051);
INSERT INTO Erzeugung VALUES ('2024-01-01', '09:45:00', 816);
INSERT INTO Erzeugung VALUES ('2024-01-01', '09:50:00', 750);
INSERT INTO Erzeugung VALUES ('2024-01-01', '09:55:00', 1030);
INSERT INTO Erzeugung VALUES ('2024-01-01', '10:00:00', 1164);
INSERT INTO Erzeugung VALUES ('2024-01-01', '10:05:00', 974);
INSERT INTO Erzeugung VALUES ('2024-01-01', '10:10:00', 920);
INSERT INTO Erzeugung VALUES ('2024-01-01', '10:15:00', 873);
INSERT INTO Erzeugung VALUES ('2024-01-01', '10:20:00', 675);
INSERT INTO Erzeugung VALUES ('2024-01-01', '10:25:00', 681);
INSERT INTO Erzeugung VALUES ('2024-01-01', '10:30:00', 675);
INSERT INTO Erzeugung VALUES ('2024-01-01', '10:35:00', 780);
INSERT INTO Erzeugung VALUES ('2024-01-01', '10:40:00', 833);
INSERT INTO Erzeugung VALUES ('2024-01-01', '10:45:00', 826);
INSERT INTO Erzeugung VALUES ('2024-01-01', '10:50:00', 913);
INSERT INTO Erzeugung VALUES ('2024-01-01', '10:55:00', 922);
INSERT INTO Erzeugung VALUES ('2024-01-01', '11:00:00', 1009);
INSERT INTO Erzeugung VALUES ('2024-01-01', '11:05:00', 1236);
INSERT INTO Erzeugung VALUES ('2024-01-01', '11:10:00', 1292);
INSERT INTO Erzeugung VALUES ('2024-01-01', '11:15:00', 1151);
INSERT INTO Erzeugung VALUES ('2024-01-01', '11:20:00', 1177);
INSERT INTO Erzeugung VALUES ('2024-01-01', '11:25:00', 1179);
INSERT INTO Erzeugung VALUES ('2024-01-01', '11:30:00', 1112);
INSERT INTO Erzeugung VALUES ('2024-01-01', '11:35:00', 1121);
INSERT INTO Erzeugung VALUES ('2024-01-01', '11:40:00', 1102);
INSERT INTO Erzeugung VALUES ('2024-01-01', '11:45:00', 1249);
INSERT INTO Erzeugung VALUES ('2024-01-01', '11:50:00', 1318);
INSERT INTO Erzeugung VALUES ('2024-01-01', '11:55:00', 1372);
INSERT INTO Erzeugung VALUES ('2024-01-01', '12:00:00', 1314);
INSERT INTO Erzeugung VALUES ('2024-01-01', '12:05:00', 1231);
INSERT INTO Erzeugung VALUES ('2024-01-01', '12:10:00', 1068);
INSERT INTO Erzeugung VALUES ('2024-01-01', '12:15:00', 1006);
INSERT INTO Erzeugung VALUES ('2024-01-01', '12:20:00', 975);
INSERT INTO Erzeugung VALUES ('2024-01-01', '12:25:00', 1011);
INSERT INTO Erzeugung VALUES ('2024-01-01', '12:30:00', 974);
INSERT INTO Erzeugung VALUES ('2024-01-01', '12:35:00', 953);
INSERT INTO Erzeugung VALUES ('2024-01-01', '12:40:00', 902);
INSERT INTO Erzeugung VALUES ('2024-01-01', '12:45:00', 873);
INSERT INTO Erzeugung VALUES ('2024-01-01', '12:50:00', 903);
INSERT INTO Erzeugung VALUES ('2024-01-01', '12:55:00', 876);
INSERT INTO Erzeugung VALUES ('2024-01-01', '13:00:00', 909);
INSERT INTO Erzeugung VALUES ('2024-01-01', '13:05:00', 914);
INSERT INTO Erzeugung VALUES ('2024-01-01', '13:10:00', 925);
INSERT INTO Erzeugung VALUES ('2024-01-01', '13:15:00', 985);
INSERT INTO Erzeugung VALUES ('2024-01-01', '13:20:00', 1009);
INSERT INTO Erzeugung VALUES ('2024-01-01', '13:25:00', 917);
INSERT INTO Erzeugung VALUES ('2024-01-01', '13:30:00', 796);
INSERT INTO Erzeugung VALUES ('2024-01-01', '13:35:00', 732);
INSERT INTO Erzeugung VALUES ('2024-01-01', '13:40:00', 758);
INSERT INTO Erzeugung VALUES ('2024-01-01', '13:45:00', 706);
INSERT INTO Erzeugung VALUES ('2024-01-01', '13:50:00', 891);
INSERT INTO Erzeugung VALUES ('2024-01-01', '13:55:00', 1095);
INSERT INTO Erzeugung VALUES ('2024-01-01', '14:00:00', 1564);
INSERT INTO Erzeugung VALUES ('2024-01-01', '14:05:00', 1343);
INSERT INTO Erzeugung VALUES ('2024-01-01', '14:10:00', 1161);
INSERT INTO Erzeugung VALUES ('2024-01-01', '14:15:00', 1005);
INSERT INTO Erzeugung VALUES ('2024-01-01', '14:20:00', 940);
INSERT INTO Erzeugung VALUES ('2024-01-01', '14:25:00', 891);
INSERT INTO Erzeugung VALUES ('2024-01-01', '14:30:00', 808);
INSERT INTO Erzeugung VALUES ('2024-01-01', '14:35:00', 812);
INSERT INTO Erzeugung VALUES ('2024-01-01', '14:40:00', 863);
INSERT INTO Erzeugung VALUES ('2024-01-01', '14:45:00', 760);
INSERT INTO Erzeugung VALUES ('2024-01-01', '14:50:00', 605);
INSERT INTO Erzeugung VALUES ('2024-01-01', '14:55:00', 561);
INSERT INTO Erzeugung VALUES ('2024-01-01', '15:00:00', 563);
INSERT INTO Erzeugung VALUES ('2024-01-01', '15:05:00', 515);
INSERT INTO Erzeugung VALUES ('2024-01-01', '15:10:00', 414);
INSERT INTO Erzeugung VALUES ('2024-01-01', '15:15:00', 355);
INSERT INTO Erzeugung VALUES ('2024-01-01', '15:20:00', 350);
INSERT INTO Erzeugung VALUES ('2024-01-01', '15:25:00', 343);
INSERT INTO Erzeugung VALUES ('2024-01-01', '15:30:00', 343);
INSERT INTO Erzeugung VALUES ('2024-01-01', '15:35:00', 407);
INSERT INTO Erzeugung VALUES ('2024-01-01', '15:40:00', 477);
INSERT INTO Erzeugung VALUES ('2024-01-01', '15:45:00', 250);
INSERT INTO Erzeugung VALUES ('2024-01-01', '15:50:00', 178);
INSERT INTO Erzeugung VALUES ('2024-01-01', '15:55:00', 156);
INSERT INTO Erzeugung VALUES ('2024-01-01', '16:00:00', 132);
INSERT INTO Erzeugung VALUES ('2024-01-01', '16:05:00', 97);
INSERT INTO Erzeugung VALUES ('2024-01-01', '16:10:00', 97);
INSERT INTO Erzeugung VALUES ('2024-01-01', '16:15:00', 75);
INSERT INTO Erzeugung VALUES ('2024-01-01', '16:20:00', 53);
INSERT INTO Erzeugung VALUES ('2024-01-01', '16:25:00', 20);
INSERT INTO Erzeugung VALUES ('2024-01-01', '16:30:00', 12);
INSERT INTO Erzeugung VALUES ('2024-01-01', '16:35:00', 0);
INSERT INTO Erzeugung VALUES ('2024-01-01', '16:40:00', 0);
INSERT INTO Erzeugung VALUES ('2024-01-01', '16:45:00', 0);
INSERT INTO Erzeugung VALUES ('2024-01-01', '16:50:00', 0);
INSERT INTO Erzeugung VALUES ('2024-01-01', '16:55:00', 0);
INSERT INTO Erzeugung VALUES ('2024-01-01', '17:00:00', 0);
INSERT INTO Erzeugung VALUES ('2024-01-01', '17:05:00', 0);
INSERT INTO Erzeugung VALUES ('2024-01-01', '17:10:00', 0);
INSERT INTO Erzeugung VALUES ('2024-01-01', '17:15:00', 0);
INSERT INTO Erzeugung VALUES ('2024-01-01', '17:20:00', 0);
INSERT INTO Erzeugung VALUES ('2024-01-01', '17:25:00', 0);
INSERT INTO Erzeugung VALUES ('2024-01-01', '17:30:00', 0);
INSERT INTO Erzeugung VALUES ('2024-01-01', '17:35:00', 0);
INSERT INTO Erzeugung VALUES ('2024-01-01', '17:40:00', 0);
INSERT INTO Erzeugung VALUES ('2024-01-01', '17:45:00', 0);
INSERT INTO Erzeugung VALUES ('2024-01-01', '17:50:00', 0);
INSERT INTO Erzeugung VALUES ('2024-01-01', '17:55:00', 0);
INSERT INTO Erzeugung VALUES ('2024-01-01', '18:00:00', 0);
INSERT INTO Erzeugung VALUES ('2024-01-01', '18:05:00', 0);
INSERT INTO Erzeugung VALUES ('2024-01-01', '18:10:00', 0);
INSERT INTO Erzeugung VALUES ('2024-01-01', '18:15:00', 0);
INSERT INTO Erzeugung VALUES ('2024-01-01', '18:20:00', 0);
INSERT INTO Erzeugung VALUES ('2024-01-01', '18:25:00', 0);
INSERT INTO Erzeugung VALUES ('2024-01-01', '18:30:00', 0);
INSERT INTO Erzeugung VALUES ('2024-01-01', '18:35:00', 0);
INSERT INTO Erzeugung VALUES ('2024-01-01', '18:40:00', 0);
INSERT INTO Erzeugung VALUES ('2024-01-01', '18:45:00', 0);
INSERT INTO Erzeugung VALUES ('2024-01-01', '18:50:00', 0);
INSERT INTO Erzeugung VALUES ('2024-01-01', '18:55:00', 0);
INSERT INTO Erzeugung VALUES ('2024-01-01', '19:00:00', 0);
INSERT INTO Erzeugung VALUES ('2024-01-01', '19:05:00', 0);
INSERT INTO Erzeugung VALUES ('2024-01-01', '19:10:00', 0);
INSERT INTO Erzeugung VALUES ('2024-01-01', '19:15:00', 0);
INSERT INTO Erzeugung VALUES ('2024-01-01', '19:20:00', 0);
INSERT INTO Erzeugung VALUES ('2024-01-01', '19:25:00', 0);
INSERT INTO Erzeugung VALUES ('2024-01-01', '19:30:00', 0);
INSERT INTO Erzeugung VALUES ('2024-01-01', '19:35:00', 0);
INSERT INTO Erzeugung VALUES ('2024-01-01', '19:40:00', 0);
INSERT INTO Erzeugung VALUES ('2024-01-01', '19:45:00', 0);
INSERT INTO Erzeugung VALUES ('2024-01-01', '19:50:00', 0);
INSERT INTO Erzeugung VALUES ('2024-01-01', '19:55:00', 0);
INSERT INTO Erzeugung VALUES ('2024-01-01', '20:00:00', 0);
INSERT INTO Erzeugung VALUES ('2024-01-01', '20:05:00', 0);
INSERT INTO Erzeugung VALUES ('2024-01-01', '20:10:00', 0);
INSERT INTO Erzeugung VALUES ('2024-01-01', '20:15:00', 0);
INSERT INTO Erzeugung VALUES ('2024-01-01', '20:20:00', 0);
INSERT INTO Erzeugung VALUES ('2024-01-01', '20:25:00', 0);
INSERT INTO Erzeugung VALUES ('2024-01-01', '20:30:00', 0);
INSERT INTO Erzeugung VALUES ('2024-01-01', '20:35:00', 0);
INSERT INTO Erzeugung VALUES ('2024-01-01', '20:40:00', 0);
INSERT INTO Erzeugung VALUES ('2024-01-01', '20:45:00', 0);
INSERT INTO Erzeugung VALUES ('2024-01-01', '20:50:00', 0);
INSERT INTO Erzeugung VALUES ('2024-01-01', '20:55:00', 0);
INSERT INTO Erzeugung VALUES ('2024-01-01', '21:00:00', 0);
INSERT INTO Erzeugung VALUES ('2024-01-01', '21:05:00', 0);
INSERT INTO Erzeugung VALUES ('2024-01-01', '21:10:00', 0);
INSERT INTO Erzeugung VALUES ('2024-01-01', '21:15:00', 0);
INSERT INTO Erzeugung VALUES ('2024-01-01', '21:20:00', 0);
INSERT INTO Erzeugung VALUES ('2024-01-01', '21:25:00', 0);
INSERT INTO Erzeugung VALUES ('2024-01-01', '21:30:00', 0);
INSERT INTO Erzeugung VALUES ('2024-01-01', '21:35:00', 0);
INSERT INTO Erzeugung VALUES ('2024-01-01', '21:40:00', 0);
INSERT INTO Erzeugung VALUES ('2024-01-01', '21:45:00', 0);
INSERT INTO Erzeugung VALUES ('2024-01-01', '21:50:00', 0);
INSERT INTO Erzeugung VALUES ('2024-01-01', '21:55:00', 0);
INSERT INTO Erzeugung VALUES ('2024-01-01', '22:00:00', 0);
INSERT INTO Erzeugung VALUES ('2024-01-01', '22:05:00', 0);
INSERT INTO Erzeugung VALUES ('2024-01-01', '22:10:00', 0);
INSERT INTO Erzeugung VALUES ('2024-01-01', '22:15:00', 0);
INSERT INTO Erzeugung VALUES ('2024-01-01', '22:20:00', 0);
INSERT INTO Erzeugung VALUES ('2024-01-01', '22:25:00', 0);
INSERT INTO Erzeugung VALUES ('2024-01-01', '22:30:00', 0);
INSERT INTO Erzeugung VALUES ('2024-01-01', '22:35:00', 0);
INSERT INTO Erzeugung VALUES ('2024-01-01', '22:40:00', 0);
INSERT INTO Erzeugung VALUES ('2024-01-01', '22:45:00', 0);
INSERT INTO Erzeugung VALUES ('2024-01-01', '22:50:00', 0);
INSERT INTO Erzeugung VALUES ('2024-01-01', '22:55:00', 0);
INSERT INTO Erzeugung VALUES ('2024-01-01', '23:00:00', 0);
INSERT INTO Erzeugung VALUES ('2024-01-01', '23:05:00', 0);
INSERT INTO Erzeugung VALUES ('2024-01-01', '23:10:00', 0);
INSERT INTO Erzeugung VALUES ('2024-01-01', '23:15:00', 0);
INSERT INTO Erzeugung VALUES ('2024-01-01', '23:20:00', 0);
INSERT INTO Erzeugung VALUES ('2024-01-01', '23:25:00', 0);
INSERT INTO Erzeugung VALUES ('2024-01-01', '23:30:00', 0);
INSERT INTO Erzeugung VALUES ('2024-01-01', '23:35:00', 0);
INSERT INTO Erzeugung VALUES ('2024-01-01', '23:40:00', 0);
INSERT INTO Erzeugung VALUES ('2024-01-01', '23:45:00', 0);
INSERT INTO Erzeugung VALUES ('2024-01-01', '23:50:00', 0);
INSERT INTO Erzeugung VALUES ('2024-01-01', '23:55:00', 0);
INSERT INTO Erzeugung VALUES ('2024-01-02', '00:00:00', 0);
INSERT INTO Erzeugung VALUES ('2024-01-02', '00:05:00', 0);
INSERT INTO Erzeugung VALUES ('2024-01-02', '00:10:00', 0);
INSERT INTO Erzeugung VALUES ('2024-01-02', '00:15:00', 0);
INSERT INTO Erzeugung VALUES ('2024-01-02', '00:20:00', 0);
INSERT INTO Erzeugung VALUES ('2024-01-02', '00:25:00', 0);
INSERT INTO Erzeugung VALUES ('2024-01-02', '00:30:00', 0);
INSERT INTO Erzeugung VALUES ('2024-01-02', '00:35:00', 0);
INSERT INTO Erzeugung VALUES ('2024-01-02', '00:40:00', 0);
INSERT INTO Erzeugung VALUES ('2024-01-02', '00:45:00', 0);
INSERT INTO Erzeugung VALUES ('2024-01-02', '00:50:00', 0);
INSERT INTO Erzeugung VALUES ('2024-01-02', '00:55:00', 0);
INSERT INTO Erzeugung VALUES ('2024-01-02', '01:00:00', 0);
INSERT INTO Erzeugung VALUES ('2024-01-02', '01:05:00', 0);
INSERT INTO Erzeugung VALUES ('2024-01-02', '01:10:00', 0);
INSERT INTO Erzeugung VALUES ('2024-01-02', '01:15:00', 0);
INSERT INTO Erzeugung VALUES ('2024-01-02', '01:20:00', 0);
INSERT INTO Erzeugung VALUES ('2024-01-02', '01:25:00', 0);
INSERT INTO Erzeugung VALUES ('2024-01-02', '01:30:00', 0);
INSERT INTO Erzeugung VALUES ('2024-01-02', '01:35:00', 0);
INSERT INTO Erzeugung VALUES ('2024-01-02', '01:40:00', 0);
INSERT INTO Erzeugung VALUES ('2024-01-02', '01:45:00', 0);
INSERT INTO Erzeugung VALUES ('2024-01-02', '01:50:00', 0);
INSERT INTO Erzeugung VALUES ('2024-01-02', '01:55:00', 0);
INSERT INTO Erzeugung VALUES ('2024-01-02', '02:00:00', 0);
INSERT INTO Erzeugung VALUES ('2024-01-02', '02:05:00', 0);
INSERT INTO Erzeugung VALUES ('2024-01-02', '02:10:00', 0);
INSERT INTO Erzeugung VALUES ('2024-01-02', '02:15:00', 0);
INSERT INTO Erzeugung VALUES ('2024-01-02', '02:20:00', 0);
INSERT INTO Erzeugung VALUES ('2024-01-02', '02:25:00', 0);
INSERT INTO Erzeugung VALUES ('2024-01-02', '02:30:00', 0);
INSERT INTO Erzeugung VALUES ('2024-01-02', '02:35:00', 0);
INSERT INTO Erzeugung VALUES ('2024-01-02', '02:40:00', 0);
INSERT INTO Erzeugung VALUES ('2024-01-02', '02:45:00', 0);
INSERT INTO Erzeugung VALUES ('2024-01-02', '02:50:00', 0);
INSERT INTO Erzeugung VALUES ('2024-01-02', '02:55:00', 0);
INSERT INTO Erzeugung VALUES ('2024-01-02', '03:00:00', 0);
INSERT INTO Erzeugung VALUES ('2024-01-02', '03:05:00', 0);
INSERT INTO Erzeugung VALUES ('2024-01-02', '03:10:00', 0);
INSERT INTO Erzeugung VALUES ('2024-01-02', '03:15:00', 0);
INSERT INTO Erzeugung VALUES ('2024-01-02', '03:20:00', 0);
INSERT INTO Erzeugung VALUES ('2024-01-02', '03:25:00', 0);
INSERT INTO Erzeugung VALUES ('2024-01-02', '03:30:00', 0);
INSERT INTO Erzeugung VALUES ('2024-01-02', '03:35:00', 0);
INSERT INTO Erzeugung VALUES ('2024-01-02', '03:40:00', 0);
INSERT INTO Erzeugung VALUES ('2024-01-02', '03:45:00', 0);
INSERT INTO Erzeugung VALUES ('2024-01-02', '03:50:00', 0);
INSERT INTO Erzeugung VALUES ('2024-01-02', '03:55:00', 0);
INSERT INTO Erzeugung VALUES ('2024-01-02', '04:00:00', 0);
INSERT INTO Erzeugung VALUES ('2024-01-02', '04:05:00', 0);
INSERT INTO Erzeugung VALUES ('2024-01-02', '04:10:00', 0);
INSERT INTO Erzeugung VALUES ('2024-01-02', '04:15:00', 0);
INSERT INTO Erzeugung VALUES ('2024-01-02', '04:20:00', 0);
INSERT INTO Erzeugung VALUES ('2024-01-02', '04:25:00', 0);
INSERT INTO Erzeugung VALUES ('2024-01-02', '04:30:00', 0);
INSERT INTO Erzeugung VALUES ('2024-01-02', '04:35:00', 0);
INSERT INTO Erzeugung VALUES ('2024-01-02', '04:40:00', 0);
INSERT INTO Erzeugung VALUES ('2024-01-02', '04:45:00', 0);
INSERT INTO Erzeugung VALUES ('2024-01-02', '04:50:00', 0);
INSERT INTO Erzeugung VALUES ('2024-01-02', '04:55:00', 0);
INSERT INTO Erzeugung VALUES ('2024-01-02', '05:00:00', 0);
INSERT INTO Erzeugung VALUES ('2024-01-02', '05:05:00', 0);
INSERT INTO Erzeugung VALUES ('2024-01-02', '05:10:00', 0);
INSERT INTO Erzeugung VALUES ('2024-01-02', '05:15:00', 0);
INSERT INTO Erzeugung VALUES ('2024-01-02', '05:20:00', 0);
INSERT INTO Erzeugung VALUES ('2024-01-02', '05:25:00', 0);
INSERT INTO Erzeugung VALUES ('2024-01-02', '05:30:00', 0);
INSERT INTO Erzeugung VALUES ('2024-01-02', '05:35:00', 0);
INSERT INTO Erzeugung VALUES ('2024-01-02', '05:40:00', 0);
INSERT INTO Erzeugung VALUES ('2024-01-02', '05:45:00', 0);
INSERT INTO Erzeugung VALUES ('2024-01-02', '05:50:00', 0);
INSERT INTO Erzeugung VALUES ('2024-01-02', '05:55:00', 0);
INSERT INTO Erzeugung VALUES ('2024-01-02', '06:00:00', 0);
INSERT INTO Erzeugung VALUES ('2024-01-02', '06:05:00', 0);
INSERT INTO Erzeugung VALUES ('2024-01-02', '06:10:00', 0);
INSERT INTO Erzeugung VALUES ('2024-01-02', '06:15:00', 0);
INSERT INTO Erzeugung VALUES ('2024-01-02', '06:20:00', 0);
INSERT INTO Erzeugung VALUES ('2024-01-02', '06:25:00', 0);
INSERT INTO Erzeugung VALUES ('2024-01-02', '06:30:00', 0);
INSERT INTO Erzeugung VALUES ('2024-01-02', '06:35:00', 0);
INSERT INTO Erzeugung VALUES ('2024-01-02', '06:40:00', 0);
INSERT INTO Erzeugung VALUES ('2024-01-02', '06:45:00', 0);
INSERT INTO Erzeugung VALUES ('2024-01-02', '06:50:00', 0);
INSERT INTO Erzeugung VALUES ('2024-01-02', '06:55:00', 0);
INSERT INTO Erzeugung VALUES ('2024-01-02', '07:00:00', 0);
INSERT INTO Erzeugung VALUES ('2024-01-02', '07:05:00', 0);
INSERT INTO Erzeugung VALUES ('2024-01-02', '07:10:00', 0);
INSERT INTO Erzeugung VALUES ('2024-01-02', '07:15:00', 0);
INSERT INTO Erzeugung VALUES ('2024-01-02', '07:20:00', 0);
INSERT INTO Erzeugung VALUES ('2024-01-02', '07:25:00', 0);
INSERT INTO Erzeugung VALUES ('2024-01-02', '07:30:00', 0);
INSERT INTO Erzeugung VALUES ('2024-01-02', '07:35:00', 0);
INSERT INTO Erzeugung VALUES ('2024-01-02', '07:40:00', 0);
INSERT INTO Erzeugung VALUES ('2024-01-02', '07:45:00', 0);
INSERT INTO Erzeugung VALUES ('2024-01-02', '07:50:00', 0);
INSERT INTO Erzeugung VALUES ('2024-01-02', '07:55:00', 0);
INSERT INTO Erzeugung VALUES ('2024-01-02', '08:00:00', 0);
INSERT INTO Erzeugung VALUES ('2024-01-02', '08:05:00', 0);
INSERT INTO Erzeugung VALUES ('2024-01-02', '08:10:00', 0);
INSERT INTO Erzeugung VALUES ('2024-01-02', '08:15:00', 0);
INSERT INTO Erzeugung VALUES ('2024-01-02', '08:20:00', 0);
INSERT INTO Erzeugung VALUES ('2024-01-02', '08:25:00', 0);
INSERT INTO Erzeugung VALUES ('2024-01-02', '08:30:00', 0);
INSERT INTO Erzeugung VALUES ('2024-01-02', '08:35:00', 16);
INSERT INTO Erzeugung VALUES ('2024-01-02', '08:40:00', 27);
INSERT INTO Erzeugung VALUES ('2024-01-02', '08:45:00', 83);
INSERT INTO Erzeugung VALUES ('2024-01-02', '08:50:00', 122);
INSERT INTO Erzeugung VALUES ('2024-01-02', '08:55:00', 91);
INSERT INTO Erzeugung VALUES ('2024-01-02', '09:00:00', 131);
INSERT INTO Erzeugung VALUES ('2024-01-02', '09:05:00', 165);
INSERT INTO Erzeugung VALUES ('2024-01-02', '09:10:00', 196);
INSERT INTO Erzeugung VALUES ('2024-01-02', '09:15:00', 194);
INSERT INTO Erzeugung VALUES ('2024-01-02', '09:20:00', 232);
INSERT INTO Erzeugung VALUES ('2024-01-02', '09:25:00', 286);
INSERT INTO Erzeugung VALUES ('2024-01-02', '09:30:00', 241);
INSERT INTO Erzeugung VALUES ('2024-01-02', '09:35:00', 266);
INSERT INTO Erzeugung VALUES ('2024-01-02', '09:40:00', 365);
INSERT INTO Erzeugung VALUES ('2024-01-02', '09:45:00', 502);
INSERT INTO Erzeugung VALUES ('2024-01-02', '09:50:00', 521);
INSERT INTO Erzeugung VALUES ('2024-01-02', '09:55:00', 704);
INSERT INTO Erzeugung VALUES ('2024-01-02', '10:00:00', 876);
INSERT INTO Erzeugung VALUES ('2024-01-02', '10:05:00', 954);
INSERT INTO Erzeugung VALUES ('2024-01-02', '10:10:00', 708);
INSERT INTO Erzeugung VALUES ('2024-01-02', '10:15:00', 621);
INSERT INTO Erzeugung VALUES ('2024-01-02', '10:20:00', 716);
INSERT INTO Erzeugung VALUES ('2024-01-02', '10:25:00', 840);
INSERT INTO Erzeugung VALUES ('2024-01-02', '10:30:00', 2014);
INSERT INTO Erzeugung VALUES ('2024-01-02', '10:35:00', 805);
INSERT INTO Erzeugung VALUES ('2024-01-02', '10:40:00', 3182);
INSERT INTO Erzeugung VALUES ('2024-01-02', '10:45:00', 2009);
INSERT INTO Erzeugung VALUES ('2024-01-02', '10:50:00', 3208);
INSERT INTO Erzeugung VALUES ('2024-01-02', '10:55:00', 3296);
INSERT INTO Erzeugung VALUES ('2024-01-02', '11:00:00', 1459);
INSERT INTO Erzeugung VALUES ('2024-01-02', '11:05:00', 3317);
INSERT INTO Erzeugung VALUES ('2024-01-02', '11:10:00', 1968);
INSERT INTO Erzeugung VALUES ('2024-01-02', '11:15:00', 1013);
INSERT INTO Erzeugung VALUES ('2024-01-02', '11:20:00', 944);
INSERT INTO Erzeugung VALUES ('2024-01-02', '11:25:00', 710);
INSERT INTO Erzeugung VALUES ('2024-01-02', '11:30:00', 792);
INSERT INTO Erzeugung VALUES ('2024-01-02', '11:35:00', 690);
INSERT INTO Erzeugung VALUES ('2024-01-02', '11:40:00', 640);
INSERT INTO Erzeugung VALUES ('2024-01-02', '11:45:00', 486);
INSERT INTO Erzeugung VALUES ('2024-01-02', '11:50:00', 584);
INSERT INTO Erzeugung VALUES ('2024-01-02', '11:55:00', 855);
INSERT INTO Erzeugung VALUES ('2024-01-02', '12:00:00', 834);
INSERT INTO Erzeugung VALUES ('2024-01-02', '12:05:00', 794);
INSERT INTO Erzeugung VALUES ('2024-01-02', '12:10:00', 685);
INSERT INTO Erzeugung VALUES ('2024-01-02', '12:15:00', 556);
INSERT INTO Erzeugung VALUES ('2024-01-02', '12:20:00', 597);
INSERT INTO Erzeugung VALUES ('2024-01-02', '12:25:00', 573);
INSERT INTO Erzeugung VALUES ('2024-01-02', '12:30:00', 427);
INSERT INTO Erzeugung VALUES ('2024-01-02', '12:35:00', 710);
INSERT INTO Erzeugung VALUES ('2024-01-02', '12:40:00', 544);
INSERT INTO Erzeugung VALUES ('2024-01-02', '12:45:00', 333);
INSERT INTO Erzeugung VALUES ('2024-01-02', '12:50:00', 557);
INSERT INTO Erzeugung VALUES ('2024-01-02', '12:55:00', 889);
INSERT INTO Erzeugung VALUES ('2024-01-02', '13:00:00', 1789);
INSERT INTO Erzeugung VALUES ('2024-01-02', '13:05:00', 1431);
INSERT INTO Erzeugung VALUES ('2024-01-02', '13:10:00', 911);
INSERT INTO Erzeugung VALUES ('2024-01-02', '13:15:00', 1049);
INSERT INTO Erzeugung VALUES ('2024-01-02', '13:20:00', 1218);
INSERT INTO Erzeugung VALUES ('2024-01-02', '13:25:00', 1085);
INSERT INTO Erzeugung VALUES ('2024-01-02', '13:30:00', 1020);
INSERT INTO Erzeugung VALUES ('2024-01-02', '13:35:00', 641);
INSERT INTO Erzeugung VALUES ('2024-01-02', '13:40:00', 212);
INSERT INTO Erzeugung VALUES ('2024-01-02', '13:45:00', 403);
INSERT INTO Erzeugung VALUES ('2024-01-02', '13:50:00', 500);
INSERT INTO Erzeugung VALUES ('2024-01-02', '13:55:00', 633);
INSERT INTO Erzeugung VALUES ('2024-01-02', '14:00:00', 737);
INSERT INTO Erzeugung VALUES ('2024-01-02', '14:05:00', 426);
INSERT INTO Erzeugung VALUES ('2024-01-02', '14:10:00', 308);
INSERT INTO Erzeugung VALUES ('2024-01-02', '14:15:00', 1099);
INSERT INTO Erzeugung VALUES ('2024-01-02', '14:20:00', 1079);
INSERT INTO Erzeugung VALUES ('2024-01-02', '14:25:00', 871);
INSERT INTO Erzeugung VALUES ('2024-01-02', '14:30:00', 692);
INSERT INTO Erzeugung VALUES ('2024-01-02', '14:35:00', 830);
INSERT INTO Erzeugung VALUES ('2024-01-02', '14:40:00', 144);
INSERT INTO Erzeugung VALUES ('2024-01-02', '14:45:00', 70);
INSERT INTO Erzeugung VALUES ('2024-01-02', '14:50:00', 180);
INSERT INTO Erzeugung VALUES ('2024-01-02', '14:55:00', 111);
INSERT INTO Erzeugung VALUES ('2024-01-02', '15:00:00', 99);
INSERT INTO Erzeugung VALUES ('2024-01-02', '15:05:00', 100);
INSERT INTO Erzeugung VALUES ('2024-01-02', '15:10:00', 188);
INSERT INTO Erzeugung VALUES ('2024-01-02', '15:15:00', 224);
INSERT INTO Erzeugung VALUES ('2024-01-02', '15:20:00', 146);
INSERT INTO Erzeugung VALUES ('2024-01-02', '15:25:00', 165);
INSERT INTO Erzeugung VALUES ('2024-01-02', '15:30:00', 108);
INSERT INTO Erzeugung VALUES ('2024-01-02', '15:35:00', 42);
INSERT INTO Erzeugung VALUES ('2024-01-02', '15:40:00', 38);
INSERT INTO Erzeugung VALUES ('2024-01-02', '15:45:00', 202);
INSERT INTO Erzeugung VALUES ('2024-01-02', '15:50:00', 154);
INSERT INTO Erzeugung VALUES ('2024-01-02', '15:55:00', 116);
INSERT INTO Erzeugung VALUES ('2024-01-02', '16:00:00', 182);
INSERT INTO Erzeugung VALUES ('2024-01-02', '16:05:00', 1467);
INSERT INTO Erzeugung VALUES ('2024-01-02', '16:10:00', 1047);
INSERT INTO Erzeugung VALUES ('2024-01-02', '16:15:00', 1140);
INSERT INTO Erzeugung VALUES ('2024-01-02', '16:20:00', 155);
INSERT INTO Erzeugung VALUES ('2024-01-02', '16:25:00', 77);
INSERT INTO Erzeugung VALUES ('2024-01-02', '16:30:00', 41);
INSERT INTO Erzeugung VALUES ('2024-01-02', '16:35:00', 1);
INSERT INTO Erzeugung VALUES ('2024-01-02', '16:40:00', 0);
INSERT INTO Erzeugung VALUES ('2024-01-02', '16:45:00', 0);
INSERT INTO Erzeugung VALUES ('2024-01-02', '16:50:00', 0);
INSERT INTO Erzeugung VALUES ('2024-01-02', '16:55:00', 0);
INSERT INTO Erzeugung VALUES ('2024-01-02', '17:00:00', 0);
INSERT INTO Erzeugung VALUES ('2024-01-02', '17:05:00', 0);
INSERT INTO Erzeugung VALUES ('2024-01-02', '17:10:00', 0);
INSERT INTO Erzeugung VALUES ('2024-01-02', '17:15:00', 0);
INSERT INTO Erzeugung VALUES ('2024-01-02', '17:20:00', 0);
INSERT INTO Erzeugung VALUES ('2024-01-02', '17:25:00', 0);
INSERT INTO Erzeugung VALUES ('2024-01-02', '17:30:00', 0);
INSERT INTO Erzeugung VALUES ('2024-01-02', '17:35:00', 0);
INSERT INTO Erzeugung VALUES ('2024-01-02', '17:40:00', 0);
INSERT INTO Erzeugung VALUES ('2024-01-02', '17:45:00', 0);
INSERT INTO Erzeugung VALUES ('2024-01-02', '17:50:00', 0);
INSERT INTO Erzeugung VALUES ('2024-01-02', '17:55:00', 0);
INSERT INTO Erzeugung VALUES ('2024-01-02', '18:00:00', 0);
INSERT INTO Erzeugung VALUES ('2024-01-02', '18:05:00', 0);
INSERT INTO Erzeugung VALUES ('2024-01-02', '18:10:00', 0);
INSERT INTO Erzeugung VALUES ('2024-01-02', '18:15:00', 0);
INSERT INTO Erzeugung VALUES ('2024-01-02', '18:20:00', 0);
INSERT INTO Erzeugung VALUES ('2024-01-02', '18:25:00', 0);
INSERT INTO Erzeugung VALUES ('2024-01-02', '18:30:00', 0);
INSERT INTO Erzeugung VALUES ('2024-01-02', '18:35:00', 0);
INSERT INTO Erzeugung VALUES ('2024-01-02', '18:40:00', 0);
INSERT INTO Erzeugung VALUES ('2024-01-02', '18:45:00', 0);
INSERT INTO Erzeugung VALUES ('2024-01-02', '18:50:00', 0);
INSERT INTO Erzeugung VALUES ('2024-01-02', '18:55:00', 0);
INSERT INTO Erzeugung VALUES ('2024-01-02', '19:00:00', 0);
INSERT INTO Erzeugung VALUES ('2024-01-02', '19:05:00', 0);
INSERT INTO Erzeugung VALUES ('2024-01-02', '19:10:00', 0);
INSERT INTO Erzeugung VALUES ('2024-01-02', '19:15:00', 0);
INSERT INTO Erzeugung VALUES ('2024-01-02', '19:20:00', 0);
INSERT INTO Erzeugung VALUES ('2024-01-02', '19:25:00', 0);
INSERT INTO Erzeugung VALUES ('2024-01-02', '19:30:00', 0);
INSERT INTO Erzeugung VALUES ('2024-01-02', '19:35:00', 0);
INSERT INTO Erzeugung VALUES ('2024-01-02', '19:40:00', 0);
INSERT INTO Erzeugung VALUES ('2024-01-02', '19:45:00', 0);
INSERT INTO Erzeugung VALUES ('2024-01-02', '19:50:00', 0);
INSERT INTO Erzeugung VALUES ('2024-01-02', '19:55:00', 0);
INSERT INTO Erzeugung VALUES ('2024-01-02', '20:00:00', 0);
INSERT INTO Erzeugung VALUES ('2024-01-02', '20:05:00', 0);
INSERT INTO Erzeugung VALUES ('2024-01-02', '20:10:00', 0);
INSERT INTO Erzeugung VALUES ('2024-01-02', '20:15:00', 0);
INSERT INTO Erzeugung VALUES ('2024-01-02', '20:20:00', 0);
INSERT INTO Erzeugung VALUES ('2024-01-02', '20:25:00', 0);
INSERT INTO Erzeugung VALUES ('2024-01-02', '20:30:00', 0);
INSERT INTO Erzeugung VALUES ('2024-01-02', '20:35:00', 0);
INSERT INTO Erzeugung VALUES ('2024-01-02', '20:40:00', 0);
INSERT INTO Erzeugung VALUES ('2024-01-02', '20:45:00', 0);
INSERT INTO Erzeugung VALUES ('2024-01-02', '20:50:00', 0);
INSERT INTO Erzeugung VALUES ('2024-01-02', '20:55:00', 0);
INSERT INTO Erzeugung VALUES ('2024-01-02', '21:00:00', 0);
INSERT INTO Erzeugung VALUES ('2024-01-02', '21:05:00', 0);
INSERT INTO Erzeugung VALUES ('2024-01-02', '21:10:00', 0);
INSERT INTO Erzeugung VALUES ('2024-01-02', '21:15:00', 0);
INSERT INTO Erzeugung VALUES ('2024-01-02', '21:20:00', 0);
INSERT INTO Erzeugung VALUES ('2024-01-02', '21:25:00', 0);
INSERT INTO Erzeugung VALUES ('2024-01-02', '21:30:00', 0);
INSERT INTO Erzeugung VALUES ('2024-01-02', '21:35:00', 0);
INSERT INTO Erzeugung VALUES ('2024-01-02', '21:40:00', 0);
INSERT INTO Erzeugung VALUES ('2024-01-02', '21:45:00', 0);
INSERT INTO Erzeugung VALUES ('2024-01-02', '21:50:00', 0);
INSERT INTO Erzeugung VALUES ('2024-01-02', '21:55:00', 0);
INSERT INTO Erzeugung VALUES ('2024-01-02', '22:00:00', 0);
INSERT INTO Erzeugung VALUES ('2024-01-02', '22:05:00', 0);
INSERT INTO Erzeugung VALUES ('2024-01-02', '22:10:00', 0);
INSERT INTO Erzeugung VALUES ('2024-01-02', '22:15:00', 0);
INSERT INTO Erzeugung VALUES ('2024-01-02', '22:20:00', 0);
INSERT INTO Erzeugung VALUES ('2024-01-02', '22:25:00', 0);
INSERT INTO Erzeugung VALUES ('2024-01-02', '22:30:00', 0);
INSERT INTO Erzeugung VALUES ('2024-01-02', '22:35:00', 0);
INSERT INTO Erzeugung VALUES ('2024-01-02', '22:40:00', 0);
INSERT INTO Erzeugung VALUES ('2024-01-02', '22:45:00', 0);
INSERT INTO Erzeugung VALUES ('2024-01-02', '22:50:00', 0);
INSERT INTO Erzeugung VALUES ('2024-01-02', '22:55:00', 0);
INSERT INTO Erzeugung VALUES ('2024-01-02', '23:00:00', 0);
INSERT INTO Erzeugung VALUES ('2024-01-02', '23:05:00', 0);
INSERT INTO Erzeugung VALUES ('2024-01-02', '23:10:00', 0);
INSERT INTO Erzeugung VALUES ('2024-01-02', '23:15:00', 0);
INSERT INTO Erzeugung VALUES ('2024-01-02', '23:20:00', 0);
INSERT INTO Erzeugung VALUES ('2024-01-02', '23:25:00', 0);
INSERT INTO Erzeugung VALUES ('2024-01-02', '23:30:00', 0);
INSERT INTO Erzeugung VALUES ('2024-01-02', '23:35:00', 0);
INSERT INTO Erzeugung VALUES ('2024-01-02', '23:40:00', 0);
INSERT INTO Erzeugung VALUES ('2024-01-02', '23:45:00', 0);
INSERT INTO Erzeugung VALUES ('2024-01-02', '23:50:00', 0);
INSERT INTO Erzeugung VALUES ('2024-01-02', '23:55:00', 0);
INSERT INTO Erzeugung VALUES ('2024-01-03', '00:00:00', 0);
INSERT INTO Erzeugung VALUES ('2024-01-03', '00:05:00', 0);
INSERT INTO Erzeugung VALUES ('2024-01-03', '00:10:00', 0);
INSERT INTO Erzeugung VALUES ('2024-01-03', '00:15:00', 0);
INSERT INTO Erzeugung VALUES ('2024-01-03', '00:20:00', 0);
INSERT INTO Erzeugung VALUES ('2024-01-03', '00:25:00', 0);
INSERT INTO Erzeugung VALUES ('2024-01-03', '00:30:00', 0);
INSERT INTO Erzeugung VALUES ('2024-01-03', '00:35:00', 0);
INSERT INTO Erzeugung VALUES ('2024-01-03', '00:40:00', 0);
INSERT INTO Erzeugung VALUES ('2024-01-03', '00:45:00', 0);
INSERT INTO Erzeugung VALUES ('2024-01-03', '00:50:00', 0);
INSERT INTO Erzeugung VALUES ('2024-01-03', '00:55:00', 0);
INSERT INTO Erzeugung VALUES ('2024-01-03', '01:00:00', 0);
INSERT INTO Erzeugung VALUES ('2024-01-03', '01:05:00', 0);
INSERT INTO Erzeugung VALUES ('2024-01-03', '01:10:00', 0);
INSERT INTO Erzeugung VALUES ('2024-01-03', '01:15:00', 0);
INSERT INTO Erzeugung VALUES ('2024-01-03', '01:20:00', 0);
INSERT INTO Erzeugung VALUES ('2024-01-03', '01:25:00', 0);
INSERT INTO Erzeugung VALUES ('2024-01-03', '01:30:00', 0);
INSERT INTO Erzeugung VALUES ('2024-01-03', '01:35:00', 0);
INSERT INTO Erzeugung VALUES ('2024-01-03', '01:40:00', 0);
INSERT INTO Erzeugung VALUES ('2024-01-03', '01:45:00', 0);
INSERT INTO Erzeugung VALUES ('2024-01-03', '01:50:00', 0);
INSERT INTO Erzeugung VALUES ('2024-01-03', '01:55:00', 0);
INSERT INTO Erzeugung VALUES ('2024-01-03', '02:00:00', 0);
INSERT INTO Erzeugung VALUES ('2024-01-03', '02:05:00', 0);
INSERT INTO Erzeugung VALUES ('2024-01-03', '02:10:00', 0);
INSERT INTO Erzeugung VALUES ('2024-01-03', '02:15:00', 0);
INSERT INTO Erzeugung VALUES ('2024-01-03', '02:20:00', 0);
INSERT INTO Erzeugung VALUES ('2024-01-03', '02:25:00', 0);
INSERT INTO Erzeugung VALUES ('2024-01-03', '02:30:00', 0);
INSERT INTO Erzeugung VALUES ('2024-01-03', '02:35:00', 0);
INSERT INTO Erzeugung VALUES ('2024-01-03', '02:40:00', 0);
INSERT INTO Erzeugung VALUES ('2024-01-03', '02:45:00', 0);
INSERT INTO Erzeugung VALUES ('2024-01-03', '02:50:00', 0);
INSERT INTO Erzeugung VALUES ('2024-01-03', '02:55:00', 0);
INSERT INTO Erzeugung VALUES ('2024-01-03', '03:00:00', 0);
INSERT INTO Erzeugung VALUES ('2024-01-03', '03:05:00', 0);
INSERT INTO Erzeugung VALUES ('2024-01-03', '03:10:00', 0);
INSERT INTO Erzeugung VALUES ('2024-01-03', '03:15:00', 0);
INSERT INTO Erzeugung VALUES ('2024-01-03', '03:20:00', 0);
INSERT INTO Erzeugung VALUES ('2024-01-03', '03:25:00', 0);
INSERT INTO Erzeugung VALUES ('2024-01-03', '03:30:00', 0);
INSERT INTO Erzeugung VALUES ('2024-01-03', '03:35:00', 0);
INSERT INTO Erzeugung VALUES ('2024-01-03', '03:40:00', 0);
INSERT INTO Erzeugung VALUES ('2024-01-03', '03:45:00', 0);
INSERT INTO Erzeugung VALUES ('2024-01-03', '03:50:00', 0);
INSERT INTO Erzeugung VALUES ('2024-01-03', '03:55:00', 0);
INSERT INTO Erzeugung VALUES ('2024-01-03', '04:00:00', 0);
INSERT INTO Erzeugung VALUES ('2024-01-03', '04:05:00', 0);
INSERT INTO Erzeugung VALUES ('2024-01-03', '04:10:00', 0);
INSERT INTO Erzeugung VALUES ('2024-01-03', '04:15:00', 0);
INSERT INTO Erzeugung VALUES ('2024-01-03', '04:20:00', 0);
INSERT INTO Erzeugung VALUES ('2024-01-03', '04:25:00', 0);
INSERT INTO Erzeugung VALUES ('2024-01-03', '04:30:00', 0);
INSERT INTO Erzeugung VALUES ('2024-01-03', '04:35:00', 0);
INSERT INTO Erzeugung VALUES ('2024-01-03', '04:40:00', 0);
INSERT INTO Erzeugung VALUES ('2024-01-03', '04:45:00', 0);
INSERT INTO Erzeugung VALUES ('2024-01-03', '04:50:00', 0);
INSERT INTO Erzeugung VALUES ('2024-01-03', '04:55:00', 0);
INSERT INTO Erzeugung VALUES ('2024-01-03', '05:00:00', 0);
INSERT INTO Erzeugung VALUES ('2024-01-03', '05:05:00', 0);
INSERT INTO Erzeugung VALUES ('2024-01-03', '05:10:00', 0);
INSERT INTO Erzeugung VALUES ('2024-01-03', '05:15:00', 0);
INSERT INTO Erzeugung VALUES ('2024-01-03', '05:20:00', 0);
INSERT INTO Erzeugung VALUES ('2024-01-03', '05:25:00', 0);
INSERT INTO Erzeugung VALUES ('2024-01-03', '05:30:00', 0);
INSERT INTO Erzeugung VALUES ('2024-01-03', '05:35:00', 0);
INSERT INTO Erzeugung VALUES ('2024-01-03', '05:40:00', 0);
INSERT INTO Erzeugung VALUES ('2024-01-03', '05:45:00', 0);
INSERT INTO Erzeugung VALUES ('2024-01-03', '05:50:00', 0);
INSERT INTO Erzeugung VALUES ('2024-01-03', '05:55:00', 0);
INSERT INTO Erzeugung VALUES ('2024-01-03', '06:00:00', 0);
INSERT INTO Erzeugung VALUES ('2024-01-03', '06:05:00', 0);
INSERT INTO Erzeugung VALUES ('2024-01-03', '06:10:00', 0);
INSERT INTO Erzeugung VALUES ('2024-01-03', '06:15:00', 0);
INSERT INTO Erzeugung VALUES ('2024-01-03', '06:20:00', 0);
INSERT INTO Erzeugung VALUES ('2024-01-03', '06:25:00', 0);
INSERT INTO Erzeugung VALUES ('2024-01-03', '06:30:00', 0);
INSERT INTO Erzeugung VALUES ('2024-01-03', '06:35:00', 0);
INSERT INTO Erzeugung VALUES ('2024-01-03', '06:40:00', 0);
INSERT INTO Erzeugung VALUES ('2024-01-03', '06:45:00', 0);
INSERT INTO Erzeugung VALUES ('2024-01-03', '06:50:00', 0);
INSERT INTO Erzeugung VALUES ('2024-01-03', '06:55:00', 0);
INSERT INTO Erzeugung VALUES ('2024-01-03', '07:00:00', 0);
INSERT INTO Erzeugung VALUES ('2024-01-03', '07:05:00', 0);
INSERT INTO Erzeugung VALUES ('2024-01-03', '07:10:00', 0);
INSERT INTO Erzeugung VALUES ('2024-01-03', '07:15:00', 0);
INSERT INTO Erzeugung VALUES ('2024-01-03', '07:20:00', 0);
INSERT INTO Erzeugung VALUES ('2024-01-03', '07:25:00', 0);
INSERT INTO Erzeugung VALUES ('2024-01-03', '07:30:00', 0);
INSERT INTO Erzeugung VALUES ('2024-01-03', '07:35:00', 0);
INSERT INTO Erzeugung VALUES ('2024-01-03', '07:40:00', 0);
INSERT INTO Erzeugung VALUES ('2024-01-03', '07:45:00', 0);
INSERT INTO Erzeugung VALUES ('2024-01-03', '07:50:00', 0);
INSERT INTO Erzeugung VALUES ('2024-01-03', '07:55:00', 0);
INSERT INTO Erzeugung VALUES ('2024-01-03', '08:00:00', 0);
INSERT INTO Erzeugung VALUES ('2024-01-03', '08:05:00', 13);
INSERT INTO Erzeugung VALUES ('2024-01-03', '08:10:00', 28);
INSERT INTO Erzeugung VALUES ('2024-01-03', '08:15:00', 47);
INSERT INTO Erzeugung VALUES ('2024-01-03', '08:20:00', 93);
INSERT INTO Erzeugung VALUES ('2024-01-03', '08:25:00', 118);
INSERT INTO Erzeugung VALUES ('2024-01-03', '08:30:00', 115);
INSERT INTO Erzeugung VALUES ('2024-01-03', '08:35:00', 91);
INSERT INTO Erzeugung VALUES ('2024-01-03', '08:40:00', 126);
INSERT INTO Erzeugung VALUES ('2024-01-03', '08:45:00', 205);
INSERT INTO Erzeugung VALUES ('2024-01-03', '08:50:00', 221);
INSERT INTO Erzeugung VALUES ('2024-01-03', '08:55:00', 248);
INSERT INTO Erzeugung VALUES ('2024-01-03', '09:00:00', 371);
INSERT INTO Erzeugung VALUES ('2024-01-03', '09:05:00', 815);
INSERT INTO Erzeugung VALUES ('2024-01-03', '09:10:00', 1035);
INSERT INTO Erzeugung VALUES ('2024-01-03', '09:15:00', 1606);
INSERT INTO Erzeugung VALUES ('2024-01-03', '09:20:00', 646);
INSERT INTO Erzeugung VALUES ('2024-01-03', '09:25:00', 774);
INSERT INTO Erzeugung VALUES ('2024-01-03', '09:30:00', 529);
INSERT INTO Erzeugung VALUES ('2024-01-03', '09:35:00', 539);
INSERT INTO Erzeugung VALUES ('2024-01-03', '09:40:00', 539);
INSERT INTO Erzeugung VALUES ('2024-01-03', '09:45:00', 636);
INSERT INTO Erzeugung VALUES ('2024-01-03', '09:50:00', 782);
INSERT INTO Erzeugung VALUES ('2024-01-03', '09:55:00', 869);
INSERT INTO Erzeugung VALUES ('2024-01-03', '10:00:00', 899);
INSERT INTO Erzeugung VALUES ('2024-01-03', '10:05:00', 1218);
INSERT INTO Erzeugung VALUES ('2024-01-03', '10:10:00', 1560);
INSERT INTO Erzeugung VALUES ('2024-01-03', '10:15:00', 1518);
INSERT INTO Erzeugung VALUES ('2024-01-03', '10:20:00', 1629);
INSERT INTO Erzeugung VALUES ('2024-01-03', '10:25:00', 2068);
INSERT INTO Erzeugung VALUES ('2024-01-03', '10:30:00', 2635);
INSERT INTO Erzeugung VALUES ('2024-01-03', '10:35:00', 1998);
INSERT INTO Erzeugung VALUES ('2024-01-03', '10:40:00', 1650);
INSERT INTO Erzeugung VALUES ('2024-01-03', '10:45:00', 1509);
INSERT INTO Erzeugung VALUES ('2024-01-03', '10:50:00', 1499);
INSERT INTO Erzeugung VALUES ('2024-01-03', '10:55:00', 1500);
INSERT INTO Erzeugung VALUES ('2024-01-03', '11:00:00', 1634);
INSERT INTO Erzeugung VALUES ('2024-01-03', '11:05:00', 1792);
INSERT INTO Erzeugung VALUES ('2024-01-03', '11:10:00', 1887);
INSERT INTO Erzeugung VALUES ('2024-01-03', '11:15:00', 1637);
INSERT INTO Erzeugung VALUES ('2024-01-03', '11:20:00', 1546);
INSERT INTO Erzeugung VALUES ('2024-01-03', '11:25:00', 1662);
INSERT INTO Erzeugung VALUES ('2024-01-03', '11:30:00', 1601);
INSERT INTO Erzeugung VALUES ('2024-01-03', '11:35:00', 1450);
INSERT INTO Erzeugung VALUES ('2024-01-03', '11:40:00', 1347);
INSERT INTO Erzeugung VALUES ('2024-01-03', '11:45:00', 1242);
INSERT INTO Erzeugung VALUES ('2024-01-03', '11:50:00', 1236);
INSERT INTO Erzeugung VALUES ('2024-01-03', '11:55:00', 1233);
INSERT INTO Erzeugung VALUES ('2024-01-03', '12:00:00', 1218);
INSERT INTO Erzeugung VALUES ('2024-01-03', '12:05:00', 1224);
INSERT INTO Erzeugung VALUES ('2024-01-03', '12:10:00', 1108);
INSERT INTO Erzeugung VALUES ('2024-01-03', '12:15:00', 1120);
INSERT INTO Erzeugung VALUES ('2024-01-03', '12:20:00', 1086);
INSERT INTO Erzeugung VALUES ('2024-01-03', '12:25:00', 1117);
INSERT INTO Erzeugung VALUES ('2024-01-03', '12:30:00', 1237);
INSERT INTO Erzeugung VALUES ('2024-01-03', '12:35:00', 1126);
INSERT INTO Erzeugung VALUES ('2024-01-03', '12:40:00', 1551);
INSERT INTO Erzeugung VALUES ('2024-01-03', '12:45:00', 1746);
INSERT INTO Erzeugung VALUES ('2024-01-03', '12:50:00', 1750);
INSERT INTO Erzeugung VALUES ('2024-01-03', '12:55:00', 2035);
INSERT INTO Erzeugung VALUES ('2024-01-03', '13:00:00', 2754);
INSERT INTO Erzeugung VALUES ('2024-01-03', '13:05:00', 3349);
INSERT INTO Erzeugung VALUES ('2024-01-03', '13:10:00', 3051);
INSERT INTO Erzeugung VALUES ('2024-01-03', '13:15:00', 2617);
INSERT INTO Erzeugung VALUES ('2024-01-03', '13:20:00', 2356);
INSERT INTO Erzeugung VALUES ('2024-01-03', '13:25:00', 2310);
INSERT INTO Erzeugung VALUES ('2024-01-03', '13:30:00', 2404);
INSERT INTO Erzeugung VALUES ('2024-01-03', '13:35:00', 2528);
INSERT INTO Erzeugung VALUES ('2024-01-03', '13:40:00', 2322);
INSERT INTO Erzeugung VALUES ('2024-01-03', '13:45:00', 2296);
INSERT INTO Erzeugung VALUES ('2024-01-03', '13:50:00', 2254);
INSERT INTO Erzeugung VALUES ('2024-01-03', '13:55:00', 1910);
INSERT INTO Erzeugung VALUES ('2024-01-03', '14:00:00', 1494);
INSERT INTO Erzeugung VALUES ('2024-01-03', '14:05:00', 1527);
INSERT INTO Erzeugung VALUES ('2024-01-03', '14:10:00', 1556);
INSERT INTO Erzeugung VALUES ('2024-01-03', '14:15:00', 1615);
INSERT INTO Erzeugung VALUES ('2024-01-03', '14:20:00', 1364);
INSERT INTO Erzeugung VALUES ('2024-01-03', '14:25:00', 1070);
INSERT INTO Erzeugung VALUES ('2024-01-03', '14:30:00', 1237);
INSERT INTO Erzeugung VALUES ('2024-01-03', '14:35:00', 1252);
INSERT INTO Erzeugung VALUES ('2024-01-03', '14:40:00', 1137);
INSERT INTO Erzeugung VALUES ('2024-01-03', '14:45:00', 1033);
INSERT INTO Erzeugung VALUES ('2024-01-03', '14:50:00', 920);
INSERT INTO Erzeugung VALUES ('2024-01-03', '14:55:00', 823);
INSERT INTO Erzeugung VALUES ('2024-01-03', '15:00:00', 775);
INSERT INTO Erzeugung VALUES ('2024-01-03', '15:05:00', 773);
INSERT INTO Erzeugung VALUES ('2024-01-03', '15:10:00', 723);
INSERT INTO Erzeugung VALUES ('2024-01-03', '15:15:00', 590);
INSERT INTO Erzeugung VALUES ('2024-01-03', '15:20:00', 476);
INSERT INTO Erzeugung VALUES ('2024-01-03', '15:25:00', 431);
INSERT INTO Erzeugung VALUES ('2024-01-03', '15:30:00', 403);
INSERT INTO Erzeugung VALUES ('2024-01-03', '15:35:00', 336);
INSERT INTO Erzeugung VALUES ('2024-01-03', '15:40:00', 268);
INSERT INTO Erzeugung VALUES ('2024-01-03', '15:45:00', 241);
INSERT INTO Erzeugung VALUES ('2024-01-03', '15:50:00', 208);
INSERT INTO Erzeugung VALUES ('2024-01-03', '15:55:00', 188);
INSERT INTO Erzeugung VALUES ('2024-01-03', '16:00:00', 202);
INSERT INTO Erzeugung VALUES ('2024-01-03', '16:05:00', 211);
INSERT INTO Erzeugung VALUES ('2024-01-03', '16:10:00', 191);
INSERT INTO Erzeugung VALUES ('2024-01-03', '16:15:00', 144);
INSERT INTO Erzeugung VALUES ('2024-01-03', '16:20:00', 95);
INSERT INTO Erzeugung VALUES ('2024-01-03', '16:25:00', 50);
INSERT INTO Erzeugung VALUES ('2024-01-03', '16:30:00', 14);
INSERT INTO Erzeugung VALUES ('2024-01-03', '16:35:00', 0);
INSERT INTO Erzeugung VALUES ('2024-01-03', '16:40:00', 0);
INSERT INTO Erzeugung VALUES ('2024-01-03', '16:45:00', 0);
INSERT INTO Erzeugung VALUES ('2024-01-03', '16:50:00', 0);
INSERT INTO Erzeugung VALUES ('2024-01-03', '16:55:00', 0);
INSERT INTO Erzeugung VALUES ('2024-01-03', '17:00:00', 0);
INSERT INTO Erzeugung VALUES ('2024-01-03', '17:05:00', 0);
INSERT INTO Erzeugung VALUES ('2024-01-03', '17:10:00', 0);
INSERT INTO Erzeugung VALUES ('2024-01-03', '17:15:00', 0);
INSERT INTO Erzeugung VALUES ('2024-01-03', '17:20:00', 0);
INSERT INTO Erzeugung VALUES ('2024-01-03', '17:25:00', 0);
INSERT INTO Erzeugung VALUES ('2024-01-03', '17:30:00', 0);
INSERT INTO Erzeugung VALUES ('2024-01-03', '17:35:00', 0);
INSERT INTO Erzeugung VALUES ('2024-01-03', '17:40:00', 0);
INSERT INTO Erzeugung VALUES ('2024-01-03', '17:45:00', 0);
INSERT INTO Erzeugung VALUES ('2024-01-03', '17:50:00', 0);
INSERT INTO Erzeugung VALUES ('2024-01-03', '17:55:00', 0);
INSERT INTO Erzeugung VALUES ('2024-01-03', '18:00:00', 0);
INSERT INTO Erzeugung VALUES ('2024-01-03', '18:05:00', 0);
INSERT INTO Erzeugung VALUES ('2024-01-03', '18:10:00', 0);
INSERT INTO Erzeugung VALUES ('2024-01-03', '18:15:00', 0);
INSERT INTO Erzeugung VALUES ('2024-01-03', '18:20:00', 0);
INSERT INTO Erzeugung VALUES ('2024-01-03', '18:25:00', 0);
INSERT INTO Erzeugung VALUES ('2024-01-03', '18:30:00', 0);
INSERT INTO Erzeugung VALUES ('2024-01-03', '18:35:00', 0);
INSERT INTO Erzeugung VALUES ('2024-01-03', '18:40:00', 0);
INSERT INTO Erzeugung VALUES ('2024-01-03', '18:45:00', 0);
INSERT INTO Erzeugung VALUES ('2024-01-03', '18:50:00', 0);
INSERT INTO Erzeugung VALUES ('2024-01-03', '18:55:00', 0);
INSERT INTO Erzeugung VALUES ('2024-01-03', '19:00:00', 0);
INSERT INTO Erzeugung VALUES ('2024-01-03', '19:05:00', 0);
INSERT INTO Erzeugung VALUES ('2024-01-03', '19:10:00', 0);
INSERT INTO Erzeugung VALUES ('2024-01-03', '19:15:00', 0);
INSERT INTO Erzeugung VALUES ('2024-01-03', '19:20:00', 0);
INSERT INTO Erzeugung VALUES ('2024-01-03', '19:25:00', 0);
INSERT INTO Erzeugung VALUES ('2024-01-03', '19:30:00', 0);
INSERT INTO Erzeugung VALUES ('2024-01-03', '19:35:00', 0);
INSERT INTO Erzeugung VALUES ('2024-01-03', '19:40:00', 0);
INSERT INTO Erzeugung VALUES ('2024-01-03', '19:45:00', 0);
INSERT INTO Erzeugung VALUES ('2024-01-03', '19:50:00', 0);
INSERT INTO Erzeugung VALUES ('2024-01-03', '19:55:00', 0);
INSERT INTO Erzeugung VALUES ('2024-01-03', '20:00:00', 0);
INSERT INTO Erzeugung VALUES ('2024-01-03', '20:05:00', 0);
INSERT INTO Erzeugung VALUES ('2024-01-03', '20:10:00', 0);
INSERT INTO Erzeugung VALUES ('2024-01-03', '20:15:00', 0);
INSERT INTO Erzeugung VALUES ('2024-01-03', '20:20:00', 0);
INSERT INTO Erzeugung VALUES ('2024-01-03', '20:25:00', 0);
INSERT INTO Erzeugung VALUES ('2024-01-03', '20:30:00', 0);
INSERT INTO Erzeugung VALUES ('2024-01-03', '20:35:00', 0);
INSERT INTO Erzeugung VALUES ('2024-01-03', '20:40:00', 0);
INSERT INTO Erzeugung VALUES ('2024-01-03', '20:45:00', 0);
INSERT INTO Erzeugung VALUES ('2024-01-03', '20:50:00', 0);
INSERT INTO Erzeugung VALUES ('2024-01-03', '20:55:00', 0);
INSERT INTO Erzeugung VALUES ('2024-01-03', '21:00:00', 0);
INSERT INTO Erzeugung VALUES ('2024-01-03', '21:05:00', 0);
INSERT INTO Erzeugung VALUES ('2024-01-03', '21:10:00', 0);
INSERT INTO Erzeugung VALUES ('2024-01-03', '21:15:00', 0);
INSERT INTO Erzeugung VALUES ('2024-01-03', '21:20:00', 0);
INSERT INTO Erzeugung VALUES ('2024-01-03', '21:25:00', 0);
INSERT INTO Erzeugung VALUES ('2024-01-03', '21:30:00', 0);
INSERT INTO Erzeugung VALUES ('2024-01-03', '21:35:00', 0);
INSERT INTO Erzeugung VALUES ('2024-01-03', '21:40:00', 0);
INSERT INTO Erzeugung VALUES ('2024-01-03', '21:45:00', 0);
INSERT INTO Erzeugung VALUES ('2024-01-03', '21:50:00', 0);
INSERT INTO Erzeugung VALUES ('2024-01-03', '21:55:00', 0);
INSERT INTO Erzeugung VALUES ('2024-01-03', '22:00:00', 0);
INSERT INTO Erzeugung VALUES ('2024-01-03', '22:05:00', 0);
INSERT INTO Erzeugung VALUES ('2024-01-03', '22:10:00', 0);
INSERT INTO Erzeugung VALUES ('2024-01-03', '22:15:00', 0);
INSERT INTO Erzeugung VALUES ('2024-01-03', '22:20:00', 0);
INSERT INTO Erzeugung VALUES ('2024-01-03', '22:25:00', 0);
INSERT INTO Erzeugung VALUES ('2024-01-03', '22:30:00', 0);
INSERT INTO Erzeugung VALUES ('2024-01-03', '22:35:00', 0);
INSERT INTO Erzeugung VALUES ('2024-01-03', '22:40:00', 0);
INSERT INTO Erzeugung VALUES ('2024-01-03', '22:45:00', 0);
INSERT INTO Erzeugung VALUES ('2024-01-03', '22:50:00', 0);
INSERT INTO Erzeugung VALUES ('2024-01-03', '22:55:00', 0);
INSERT INTO Erzeugung VALUES ('2024-01-03', '23:00:00', 0);
INSERT INTO Erzeugung VALUES ('2024-01-03', '23:05:00', 0);
INSERT INTO Erzeugung VALUES ('2024-01-03', '23:10:00', 0);
INSERT INTO Erzeugung VALUES ('2024-01-03', '23:15:00', 0);
INSERT INTO Erzeugung VALUES ('2024-01-03', '23:20:00', 0);
INSERT INTO Erzeugung VALUES ('2024-01-03', '23:25:00', 0);
INSERT INTO Erzeugung VALUES ('2024-01-03', '23:30:00', 0);
INSERT INTO Erzeugung VALUES ('2024-01-03', '23:35:00', 0);
INSERT INTO Erzeugung VALUES ('2024-01-03', '23:40:00', 0);
INSERT INTO Erzeugung VALUES ('2024-01-03', '23:45:00', 0);
INSERT INTO Erzeugung VALUES ('2024-01-03', '23:50:00', 0);
INSERT INTO Erzeugung VALUES ('2024-01-03', '23:55:00', 0);
INSERT INTO Erzeugung VALUES ('2024-01-04', '00:00:00', 0);
INSERT INTO Erzeugung VALUES ('2024-01-04', '00:05:00', 0);
INSERT INTO Erzeugung VALUES ('2024-01-04', '00:10:00', 0);
INSERT INTO Erzeugung VALUES ('2024-01-04', '00:15:00', 0);
INSERT INTO Erzeugung VALUES ('2024-01-04', '00:20:00', 0);
INSERT INTO Erzeugung VALUES ('2024-01-04', '00:25:00', 0);
INSERT INTO Erzeugung VALUES ('2024-01-04', '00:30:00', 0);
INSERT INTO Erzeugung VALUES ('2024-01-04', '00:35:00', 0);
INSERT INTO Erzeugung VALUES ('2024-01-04', '00:40:00', 0);
INSERT INTO Erzeugung VALUES ('2024-01-04', '00:45:00', 0);
INSERT INTO Erzeugung VALUES ('2024-01-04', '00:50:00', 0);
INSERT INTO Erzeugung VALUES ('2024-01-04', '00:55:00', 0);
INSERT INTO Erzeugung VALUES ('2024-01-04', '01:00:00', 0);
INSERT INTO Erzeugung VALUES ('2024-01-04', '01:05:00', 0);
INSERT INTO Erzeugung VALUES ('2024-01-04', '01:10:00', 0);
INSERT INTO Erzeugung VALUES ('2024-01-04', '01:15:00', 0);
INSERT INTO Erzeugung VALUES ('2024-01-04', '01:20:00', 0);
INSERT INTO Erzeugung VALUES ('2024-01-04', '01:25:00', 0);
INSERT INTO Erzeugung VALUES ('2024-01-04', '01:30:00', 0);
INSERT INTO Erzeugung VALUES ('2024-01-04', '01:35:00', 0);
INSERT INTO Erzeugung VALUES ('2024-01-04', '01:40:00', 0);
INSERT INTO Erzeugung VALUES ('2024-01-04', '01:45:00', 0);
INSERT INTO Erzeugung VALUES ('2024-01-04', '01:50:00', 0);
INSERT INTO Erzeugung VALUES ('2024-01-04', '01:55:00', 0);
INSERT INTO Erzeugung VALUES ('2024-01-04', '02:00:00', 0);
INSERT INTO Erzeugung VALUES ('2024-01-04', '02:05:00', 0);
INSERT INTO Erzeugung VALUES ('2024-01-04', '02:10:00', 0);
INSERT INTO Erzeugung VALUES ('2024-01-04', '02:15:00', 0);
INSERT INTO Erzeugung VALUES ('2024-01-04', '02:20:00', 0);
INSERT INTO Erzeugung VALUES ('2024-01-04', '02:25:00', 0);
INSERT INTO Erzeugung VALUES ('2024-01-04', '02:30:00', 0);
INSERT INTO Erzeugung VALUES ('2024-01-04', '02:35:00', 0);
INSERT INTO Erzeugung VALUES ('2024-01-04', '02:40:00', 0);
INSERT INTO Erzeugung VALUES ('2024-01-04', '02:45:00', 0);
INSERT INTO Erzeugung VALUES ('2024-01-04', '02:50:00', 0);
INSERT INTO Erzeugung VALUES ('2024-01-04', '02:55:00', 0);
INSERT INTO Erzeugung VALUES ('2024-01-04', '03:00:00', 0);
INSERT INTO Erzeugung VALUES ('2024-01-04', '03:05:00', 0);
INSERT INTO Erzeugung VALUES ('2024-01-04', '03:10:00', 0);
INSERT INTO Erzeugung VALUES ('2024-01-04', '03:15:00', 0);
INSERT INTO Erzeugung VALUES ('2024-01-04', '03:20:00', 0);
INSERT INTO Erzeugung VALUES ('2024-01-04', '03:25:00', 0);
INSERT INTO Erzeugung VALUES ('2024-01-04', '03:30:00', 0);
INSERT INTO Erzeugung VALUES ('2024-01-04', '03:35:00', 0);
INSERT INTO Erzeugung VALUES ('2024-01-04', '03:40:00', 0);
INSERT INTO Erzeugung VALUES ('2024-01-04', '03:45:00', 0);
INSERT INTO Erzeugung VALUES ('2024-01-04', '03:50:00', 0);
INSERT INTO Erzeugung VALUES ('2024-01-04', '03:55:00', 0);
INSERT INTO Erzeugung VALUES ('2024-01-04', '04:00:00', 0);
INSERT INTO Erzeugung VALUES ('2024-01-04', '04:05:00', 0);
INSERT INTO Erzeugung VALUES ('2024-01-04', '04:10:00', 0);
INSERT INTO Erzeugung VALUES ('2024-01-04', '04:15:00', 0);
INSERT INTO Erzeugung VALUES ('2024-01-04', '04:20:00', 0);
INSERT INTO Erzeugung VALUES ('2024-01-04', '04:25:00', 0);
INSERT INTO Erzeugung VALUES ('2024-01-04', '04:30:00', 0);
INSERT INTO Erzeugung VALUES ('2024-01-04', '04:35:00', 0);
INSERT INTO Erzeugung VALUES ('2024-01-04', '04:40:00', 0);
INSERT INTO Erzeugung VALUES ('2024-01-04', '04:45:00', 0);
INSERT INTO Erzeugung VALUES ('2024-01-04', '04:50:00', 0);
INSERT INTO Erzeugung VALUES ('2024-01-04', '04:55:00', 0);
INSERT INTO Erzeugung VALUES ('2024-01-04', '05:00:00', 0);
INSERT INTO Erzeugung VALUES ('2024-01-04', '05:05:00', 0);
INSERT INTO Erzeugung VALUES ('2024-01-04', '05:10:00', 0);
INSERT INTO Erzeugung VALUES ('2024-01-04', '05:15:00', 0);
INSERT INTO Erzeugung VALUES ('2024-01-04', '05:20:00', 0);
INSERT INTO Erzeugung VALUES ('2024-01-04', '05:25:00', 0);
INSERT INTO Erzeugung VALUES ('2024-01-04', '05:30:00', 0);
INSERT INTO Erzeugung VALUES ('2024-01-04', '05:35:00', 0);
INSERT INTO Erzeugung VALUES ('2024-01-04', '05:40:00', 0);
INSERT INTO Erzeugung VALUES ('2024-01-04', '05:45:00', 0);
INSERT INTO Erzeugung VALUES ('2024-01-04', '05:50:00', 0);
INSERT INTO Erzeugung VALUES ('2024-01-04', '05:55:00', 0);
INSERT INTO Erzeugung VALUES ('2024-01-04', '06:00:00', 0);
INSERT INTO Erzeugung VALUES ('2024-01-04', '06:05:00', 0);
INSERT INTO Erzeugung VALUES ('2024-01-04', '06:10:00', 0);
INSERT INTO Erzeugung VALUES ('2024-01-04', '06:15:00', 0);
INSERT INTO Erzeugung VALUES ('2024-01-04', '06:20:00', 0);
INSERT INTO Erzeugung VALUES ('2024-01-04', '06:25:00', 0);
INSERT INTO Erzeugung VALUES ('2024-01-04', '06:30:00', 0);
INSERT INTO Erzeugung VALUES ('2024-01-04', '06:35:00', 0);
INSERT INTO Erzeugung VALUES ('2024-01-04', '06:40:00', 0);
INSERT INTO Erzeugung VALUES ('2024-01-04', '06:45:00', 0);
INSERT INTO Erzeugung VALUES ('2024-01-04', '06:50:00', 0);
INSERT INTO Erzeugung VALUES ('2024-01-04', '06:55:00', 0);
INSERT INTO Erzeugung VALUES ('2024-01-04', '07:00:00', 0);
INSERT INTO Erzeugung VALUES ('2024-01-04', '07:05:00', 0);
INSERT INTO Erzeugung VALUES ('2024-01-04', '07:10:00', 0);
INSERT INTO Erzeugung VALUES ('2024-01-04', '07:15:00', 0);
INSERT INTO Erzeugung VALUES ('2024-01-04', '07:20:00', 0);
INSERT INTO Erzeugung VALUES ('2024-01-04', '07:25:00', 0);
INSERT INTO Erzeugung VALUES ('2024-01-04', '07:30:00', 0);
INSERT INTO Erzeugung VALUES ('2024-01-04', '07:35:00', 0);
INSERT INTO Erzeugung VALUES ('2024-01-04', '07:40:00', 0);
INSERT INTO Erzeugung VALUES ('2024-01-04', '07:45:00', 0);
INSERT INTO Erzeugung VALUES ('2024-01-04', '07:50:00', 0);
INSERT INTO Erzeugung VALUES ('2024-01-04', '07:55:00', 0);
INSERT INTO Erzeugung VALUES ('2024-01-04', '08:00:00', 0);
INSERT INTO Erzeugung VALUES ('2024-01-04', '08:05:00', 0);
INSERT INTO Erzeugung VALUES ('2024-01-04', '08:10:00', 0);
INSERT INTO Erzeugung VALUES ('2024-01-04', '08:15:00', 0);
INSERT INTO Erzeugung VALUES ('2024-01-04', '08:20:00', 0);
INSERT INTO Erzeugung VALUES ('2024-01-04', '08:25:00', 0);
INSERT INTO Erzeugung VALUES ('2024-01-04', '08:30:00', 5);
INSERT INTO Erzeugung VALUES ('2024-01-04', '08:35:00', 59);
INSERT INTO Erzeugung VALUES ('2024-01-04', '08:40:00', 47);
INSERT INTO Erzeugung VALUES ('2024-01-04', '08:45:00', 98);
INSERT INTO Erzeugung VALUES ('2024-01-04', '08:50:00', 118);
INSERT INTO Erzeugung VALUES ('2024-01-04', '08:55:00', 171);
INSERT INTO Erzeugung VALUES ('2024-01-04', '09:00:00', 267);
INSERT INTO Erzeugung VALUES ('2024-01-04', '09:05:00', 362);
INSERT INTO Erzeugung VALUES ('2024-01-04', '09:10:00', 459);
INSERT INTO Erzeugung VALUES ('2024-01-04', '09:15:00', 442);
INSERT INTO Erzeugung VALUES ('2024-01-04', '09:20:00', 410);
INSERT INTO Erzeugung VALUES ('2024-01-04', '09:25:00', 333);
INSERT INTO Erzeugung VALUES ('2024-01-04', '09:30:00', 342);
INSERT INTO Erzeugung VALUES ('2024-01-04', '09:35:00', 517);
INSERT INTO Erzeugung VALUES ('2024-01-04', '09:40:00', 555);
INSERT INTO Erzeugung VALUES ('2024-01-04', '09:45:00', 607);
INSERT INTO Erzeugung VALUES ('2024-01-04', '09:50:00', 509);
INSERT INTO Erzeugung VALUES ('2024-01-04', '09:55:00', 476);
INSERT INTO Erzeugung VALUES ('2024-01-04', '10:00:00', 385);
INSERT INTO Erzeugung VALUES ('2024-01-04', '10:05:00', 502);
INSERT INTO Erzeugung VALUES ('2024-01-04', '10:10:00', 570);
INSERT INTO Erzeugung VALUES ('2024-01-04', '10:15:00', 533);
INSERT INTO Erzeugung VALUES ('2024-01-04', '10:20:00', 593);
INSERT INTO Erzeugung VALUES ('2024-01-04', '10:25:00', 431);
INSERT INTO Erzeugung VALUES ('2024-01-04', '10:30:00', 355);
INSERT INTO Erzeugung VALUES ('2024-01-04', '10:35:00', 297);
INSERT INTO Erzeugung VALUES ('2024-01-04', '10:40:00', 121);
INSERT INTO Erzeugung VALUES ('2024-01-04', '10:45:00', 24);
INSERT INTO Erzeugung VALUES ('2024-01-04', '10:50:00', 7);
INSERT INTO Erzeugung VALUES ('2024-01-04', '10:55:00', 34);
INSERT INTO Erzeugung VALUES ('2024-01-04', '11:00:00', 88);
INSERT INTO Erzeugung VALUES ('2024-01-04', '11:05:00', 170);
INSERT INTO Erzeugung VALUES ('2024-01-04', '11:10:00', 144);
INSERT INTO Erzeugung VALUES ('2024-01-04', '11:15:00', 280);
INSERT INTO Erzeugung VALUES ('2024-01-04', '11:20:00', 213);
INSERT INTO Erzeugung VALUES ('2024-01-04', '11:25:00', 274);
INSERT INTO Erzeugung VALUES ('2024-01-04', '11:30:00', 210);
INSERT INTO Erzeugung VALUES ('2024-01-04', '11:35:00', 180);
INSERT INTO Erzeugung VALUES ('2024-01-04', '11:40:00', 152);
INSERT INTO Erzeugung VALUES ('2024-01-04', '11:45:00', 185);
INSERT INTO Erzeugung VALUES ('2024-01-04', '11:50:00', 236);
INSERT INTO Erzeugung VALUES ('2024-01-04', '11:55:00', 197);
INSERT INTO Erzeugung VALUES ('2024-01-04', '12:00:00', 157);
INSERT INTO Erzeugung VALUES ('2024-01-04', '12:05:00', 128);
INSERT INTO Erzeugung VALUES ('2024-01-04', '12:10:00', 83);
INSERT INTO Erzeugung VALUES ('2024-01-04', '12:15:00', 170);
INSERT INTO Erzeugung VALUES ('2024-01-04', '12:20:00', 261);
INSERT INTO Erzeugung VALUES ('2024-01-04', '12:25:00', 186);
INSERT INTO Erzeugung VALUES ('2024-01-04', '12:30:00', 139);
INSERT INTO Erzeugung VALUES ('2024-01-04', '12:35:00', 131);
INSERT INTO Erzeugung VALUES ('2024-01-04', '12:40:00', 144);
INSERT INTO Erzeugung VALUES ('2024-01-04', '12:45:00', 152);
INSERT INTO Erzeugung VALUES ('2024-01-04', '12:50:00', 279);
INSERT INTO Erzeugung VALUES ('2024-01-04', '12:55:00', 377);
INSERT INTO Erzeugung VALUES ('2024-01-04', '13:00:00', 398);
INSERT INTO Erzeugung VALUES ('2024-01-04', '13:05:00', 408);
INSERT INTO Erzeugung VALUES ('2024-01-04', '13:10:00', 372);
INSERT INTO Erzeugung VALUES ('2024-01-04', '13:15:00', 479);
INSERT INTO Erzeugung VALUES ('2024-01-04', '13:20:00', 612);
INSERT INTO Erzeugung VALUES ('2024-01-04', '13:25:00', 539);
INSERT INTO Erzeugung VALUES ('2024-01-04', '13:30:00', 750);
INSERT INTO Erzeugung VALUES ('2024-01-04', '13:35:00', 753);
INSERT INTO Erzeugung VALUES ('2024-01-04', '13:40:00', 627);
INSERT INTO Erzeugung VALUES ('2024-01-04', '13:45:00', 570);
INSERT INTO Erzeugung VALUES ('2024-01-04', '13:50:00', 489);
INSERT INTO Erzeugung VALUES ('2024-01-04', '13:55:00', 439);
INSERT INTO Erzeugung VALUES ('2024-01-04', '14:00:00', 353);
INSERT INTO Erzeugung VALUES ('2024-01-04', '14:05:00', 357);
INSERT INTO Erzeugung VALUES ('2024-01-04', '14:10:00', 305);
INSERT INTO Erzeugung VALUES ('2024-01-04', '14:15:00', 479);
INSERT INTO Erzeugung VALUES ('2024-01-04', '14:20:00', 430);
INSERT INTO Erzeugung VALUES ('2024-01-04', '14:25:00', 424);
INSERT INTO Erzeugung VALUES ('2024-01-04', '14:30:00', 466);
INSERT INTO Erzeugung VALUES ('2024-01-04', '14:35:00', 470);
INSERT INTO Erzeugung VALUES ('2024-01-04', '14:40:00', 407);
INSERT INTO Erzeugung VALUES ('2024-01-04', '14:45:00', 246);
INSERT INTO Erzeugung VALUES ('2024-01-04', '14:50:00', 170);
INSERT INTO Erzeugung VALUES ('2024-01-04', '14:55:00', 125);
INSERT INTO Erzeugung VALUES ('2024-01-04', '15:00:00', 119);
INSERT INTO Erzeugung VALUES ('2024-01-04', '15:05:00', 171);
INSERT INTO Erzeugung VALUES ('2024-01-04', '15:10:00', 123);
INSERT INTO Erzeugung VALUES ('2024-01-04', '15:15:00', 65);
INSERT INTO Erzeugung VALUES ('2024-01-04', '15:20:00', 99);
INSERT INTO Erzeugung VALUES ('2024-01-04', '15:25:00', 84);
INSERT INTO Erzeugung VALUES ('2024-01-04', '15:30:00', 85);
INSERT INTO Erzeugung VALUES ('2024-01-04', '15:35:00', 38);
INSERT INTO Erzeugung VALUES ('2024-01-04', '15:40:00', 40);
INSERT INTO Erzeugung VALUES ('2024-01-04', '15:45:00', 115);
INSERT INTO Erzeugung VALUES ('2024-01-04', '15:50:00', 214);
INSERT INTO Erzeugung VALUES ('2024-01-04', '15:55:00', 192);
INSERT INTO Erzeugung VALUES ('2024-01-04', '16:00:00', 76);
INSERT INTO Erzeugung VALUES ('2024-01-04', '16:05:00', 45);
INSERT INTO Erzeugung VALUES ('2024-01-04', '16:10:00', 77);
INSERT INTO Erzeugung VALUES ('2024-01-04', '16:15:00', 98);
INSERT INTO Erzeugung VALUES ('2024-01-04', '16:20:00', 94);
INSERT INTO Erzeugung VALUES ('2024-01-04', '16:25:00', 28);
INSERT INTO Erzeugung VALUES ('2024-01-04', '16:30:00', 0);
INSERT INTO Erzeugung VALUES ('2024-01-04', '16:35:00', 0);
INSERT INTO Erzeugung VALUES ('2024-01-04', '16:40:00', 0);
INSERT INTO Erzeugung VALUES ('2024-01-04', '16:45:00', 0);
INSERT INTO Erzeugung VALUES ('2024-01-04', '16:50:00', 0);
INSERT INTO Erzeugung VALUES ('2024-01-04', '16:55:00', 0);
INSERT INTO Erzeugung VALUES ('2024-01-04', '17:00:00', 0);
INSERT INTO Erzeugung VALUES ('2024-01-04', '17:05:00', 0);
INSERT INTO Erzeugung VALUES ('2024-01-04', '17:10:00', 0);
INSERT INTO Erzeugung VALUES ('2024-01-04', '17:15:00', 0);
INSERT INTO Erzeugung VALUES ('2024-01-04', '17:20:00', 0);
INSERT INTO Erzeugung VALUES ('2024-01-04', '17:25:00', 0);
INSERT INTO Erzeugung VALUES ('2024-01-04', '17:30:00', 0);
INSERT INTO Erzeugung VALUES ('2024-01-04', '17:35:00', 0);
INSERT INTO Erzeugung VALUES ('2024-01-04', '17:40:00', 0);
INSERT INTO Erzeugung VALUES ('2024-01-04', '17:45:00', 0);
INSERT INTO Erzeugung VALUES ('2024-01-04', '17:50:00', 0);
INSERT INTO Erzeugung VALUES ('2024-01-04', '17:55:00', 0);
INSERT INTO Erzeugung VALUES ('2024-01-04', '18:00:00', 0);
INSERT INTO Erzeugung VALUES ('2024-01-04', '18:05:00', 0);
INSERT INTO Erzeugung VALUES ('2024-01-04', '18:10:00', 0);
INSERT INTO Erzeugung VALUES ('2024-01-04', '18:15:00', 0);
INSERT INTO Erzeugung VALUES ('2024-01-04', '18:20:00', 0);
INSERT INTO Erzeugung VALUES ('2024-01-04', '18:25:00', 0);
INSERT INTO Erzeugung VALUES ('2024-01-04', '18:30:00', 0);
INSERT INTO Erzeugung VALUES ('2024-01-04', '18:35:00', 0);
INSERT INTO Erzeugung VALUES ('2024-01-04', '18:40:00', 0);
INSERT INTO Erzeugung VALUES ('2024-01-04', '18:45:00', 0);
INSERT INTO Erzeugung VALUES ('2024-01-04', '18:50:00', 0);
INSERT INTO Erzeugung VALUES ('2024-01-04', '18:55:00', 0);
INSERT INTO Erzeugung VALUES ('2024-01-04', '19:00:00', 0);
INSERT INTO Erzeugung VALUES ('2024-01-04', '19:05:00', 0);
INSERT INTO Erzeugung VALUES ('2024-01-04', '19:10:00', 0);
INSERT INTO Erzeugung VALUES ('2024-01-04', '19:15:00', 0);
INSERT INTO Erzeugung VALUES ('2024-01-04', '19:20:00', 0);
INSERT INTO Erzeugung VALUES ('2024-01-04', '19:25:00', 0);
INSERT INTO Erzeugung VALUES ('2024-01-04', '19:30:00', 0);
INSERT INTO Erzeugung VALUES ('2024-01-04', '19:35:00', 0);
INSERT INTO Erzeugung VALUES ('2024-01-04', '19:40:00', 0);
INSERT INTO Erzeugung VALUES ('2024-01-04', '19:45:00', 0);
INSERT INTO Erzeugung VALUES ('2024-01-04', '19:50:00', 0);
INSERT INTO Erzeugung VALUES ('2024-01-04', '19:55:00', 0);
INSERT INTO Erzeugung VALUES ('2024-01-04', '20:00:00', 0);
INSERT INTO Erzeugung VALUES ('2024-01-04', '20:05:00', 0);
INSERT INTO Erzeugung VALUES ('2024-01-04', '20:10:00', 0);
INSERT INTO Erzeugung VALUES ('2024-01-04', '20:15:00', 0);
INSERT INTO Erzeugung VALUES ('2024-01-04', '20:20:00', 0);
INSERT INTO Erzeugung VALUES ('2024-01-04', '20:25:00', 0);
INSERT INTO Erzeugung VALUES ('2024-01-04', '20:30:00', 0);
INSERT INTO Erzeugung VALUES ('2024-01-04', '20:35:00', 0);
INSERT INTO Erzeugung VALUES ('2024-01-04', '20:40:00', 0);
INSERT INTO Erzeugung VALUES ('2024-01-04', '20:45:00', 0);
INSERT INTO Erzeugung VALUES ('2024-01-04', '20:50:00', 0);
INSERT INTO Erzeugung VALUES ('2024-01-04', '20:55:00', 0);
INSERT INTO Erzeugung VALUES ('2024-01-04', '21:00:00', 0);
INSERT INTO Erzeugung VALUES ('2024-01-04', '21:05:00', 0);
INSERT INTO Erzeugung VALUES ('2024-01-04', '21:10:00', 0);
INSERT INTO Erzeugung VALUES ('2024-01-04', '21:15:00', 0);
INSERT INTO Erzeugung VALUES ('2024-01-04', '21:20:00', 0);
INSERT INTO Erzeugung VALUES ('2024-01-04', '21:25:00', 0);
INSERT INTO Erzeugung VALUES ('2024-01-04', '21:30:00', 0);
INSERT INTO Erzeugung VALUES ('2024-01-04', '21:35:00', 0);
INSERT INTO Erzeugung VALUES ('2024-01-04', '21:40:00', 0);
INSERT INTO Erzeugung VALUES ('2024-01-04', '21:45:00', 0);
INSERT INTO Erzeugung VALUES ('2024-01-04', '21:50:00', 0);
INSERT INTO Erzeugung VALUES ('2024-01-04', '21:55:00', 0);
INSERT INTO Erzeugung VALUES ('2024-01-04', '22:00:00', 0);
INSERT INTO Erzeugung VALUES ('2024-01-04', '22:05:00', 0);
INSERT INTO Erzeugung VALUES ('2024-01-04', '22:10:00', 0);
INSERT INTO Erzeugung VALUES ('2024-01-04', '22:15:00', 0);
INSERT INTO Erzeugung VALUES ('2024-01-04', '22:20:00', 0);
INSERT INTO Erzeugung VALUES ('2024-01-04', '22:25:00', 0);
INSERT INTO Erzeugung VALUES ('2024-01-04', '22:30:00', 0);
INSERT INTO Erzeugung VALUES ('2024-01-04', '22:35:00', 0);
INSERT INTO Erzeugung VALUES ('2024-01-04', '22:40:00', 0);
INSERT INTO Erzeugung VALUES ('2024-01-04', '22:45:00', 0);
INSERT INTO Erzeugung VALUES ('2024-01-04', '22:50:00', 0);
INSERT INTO Erzeugung VALUES ('2024-01-04', '22:55:00', 0);
INSERT INTO Erzeugung VALUES ('2024-01-04', '23:00:00', 0);
INSERT INTO Erzeugung VALUES ('2024-01-04', '23:05:00', 0);
INSERT INTO Erzeugung VALUES ('2024-01-04', '23:10:00', 0);
INSERT INTO Erzeugung VALUES ('2024-01-04', '23:15:00', 0);
INSERT INTO Erzeugung VALUES ('2024-01-04', '23:20:00', 0);
INSERT INTO Erzeugung VALUES ('2024-01-04', '23:25:00', 0);
INSERT INTO Erzeugung VALUES ('2024-01-04', '23:30:00', 0);
INSERT INTO Erzeugung VALUES ('2024-01-04', '23:35:00', 0);
INSERT INTO Erzeugung VALUES ('2024-01-04', '23:40:00', 0);
INSERT INTO Erzeugung VALUES ('2024-01-04', '23:45:00', 0);
INSERT INTO Erzeugung VALUES ('2024-01-04', '23:50:00', 0);
INSERT INTO Erzeugung VALUES ('2024-01-04', '23:55:00', 0);
INSERT INTO Erzeugung VALUES ('2024-01-05', '00:00:00', 0);
INSERT INTO Erzeugung VALUES ('2024-01-05', '00:05:00', 0);
INSERT INTO Erzeugung VALUES ('2024-01-05', '00:10:00', 0);
INSERT INTO Erzeugung VALUES ('2024-01-05', '00:15:00', 0);
INSERT INTO Erzeugung VALUES ('2024-01-05', '00:20:00', 0);
INSERT INTO Erzeugung VALUES ('2024-01-05', '00:25:00', 0);
INSERT INTO Erzeugung VALUES ('2024-01-05', '00:30:00', 0);
INSERT INTO Erzeugung VALUES ('2024-01-05', '00:35:00', 0);
INSERT INTO Erzeugung VALUES ('2024-01-05', '00:40:00', 0);
INSERT INTO Erzeugung VALUES ('2024-01-05', '00:45:00', 0);
INSERT INTO Erzeugung VALUES ('2024-01-05', '00:50:00', 0);
INSERT INTO Erzeugung VALUES ('2024-01-05', '00:55:00', 0);
INSERT INTO Erzeugung VALUES ('2024-01-05', '01:00:00', 0);
INSERT INTO Erzeugung VALUES ('2024-01-05', '01:05:00', 0);
INSERT INTO Erzeugung VALUES ('2024-01-05', '01:10:00', 0);
INSERT INTO Erzeugung VALUES ('2024-01-05', '01:15:00', 0);
INSERT INTO Erzeugung VALUES ('2024-01-05', '01:20:00', 0);
INSERT INTO Erzeugung VALUES ('2024-01-05', '01:25:00', 0);
INSERT INTO Erzeugung VALUES ('2024-01-05', '01:30:00', 0);
INSERT INTO Erzeugung VALUES ('2024-01-05', '01:35:00', 0);
INSERT INTO Erzeugung VALUES ('2024-01-05', '01:40:00', 0);
INSERT INTO Erzeugung VALUES ('2024-01-05', '01:45:00', 0);
INSERT INTO Erzeugung VALUES ('2024-01-05', '01:50:00', 0);
INSERT INTO Erzeugung VALUES ('2024-01-05', '01:55:00', 0);
INSERT INTO Erzeugung VALUES ('2024-01-05', '02:00:00', 0);
INSERT INTO Erzeugung VALUES ('2024-01-05', '02:05:00', 0);
INSERT INTO Erzeugung VALUES ('2024-01-05', '02:10:00', 0);
INSERT INTO Erzeugung VALUES ('2024-01-05', '02:15:00', 0);
INSERT INTO Erzeugung VALUES ('2024-01-05', '02:20:00', 0);
INSERT INTO Erzeugung VALUES ('2024-01-05', '02:25:00', 0);
INSERT INTO Erzeugung VALUES ('2024-01-05', '02:30:00', 0);
INSERT INTO Erzeugung VALUES ('2024-01-05', '02:35:00', 0);
INSERT INTO Erzeugung VALUES ('2024-01-05', '02:40:00', 0);
INSERT INTO Erzeugung VALUES ('2024-01-05', '02:45:00', 0);
INSERT INTO Erzeugung VALUES ('2024-01-05', '02:50:00', 0);
INSERT INTO Erzeugung VALUES ('2024-01-05', '02:55:00', 0);
INSERT INTO Erzeugung VALUES ('2024-01-05', '03:00:00', 0);
INSERT INTO Erzeugung VALUES ('2024-01-05', '03:05:00', 0);
INSERT INTO Erzeugung VALUES ('2024-01-05', '03:10:00', 0);
INSERT INTO Erzeugung VALUES ('2024-01-05', '03:15:00', 0);
INSERT INTO Erzeugung VALUES ('2024-01-05', '03:20:00', 0);
INSERT INTO Erzeugung VALUES ('2024-01-05', '03:25:00', 0);
INSERT INTO Erzeugung VALUES ('2024-01-05', '03:30:00', 0);
INSERT INTO Erzeugung VALUES ('2024-01-05', '03:35:00', 0);
INSERT INTO Erzeugung VALUES ('2024-01-05', '03:40:00', 0);
INSERT INTO Erzeugung VALUES ('2024-01-05', '03:45:00', 0);
INSERT INTO Erzeugung VALUES ('2024-01-05', '03:50:00', 0);
INSERT INTO Erzeugung VALUES ('2024-01-05', '03:55:00', 0);
INSERT INTO Erzeugung VALUES ('2024-01-05', '04:00:00', 0);
INSERT INTO Erzeugung VALUES ('2024-01-05', '04:05:00', 0);
INSERT INTO Erzeugung VALUES ('2024-01-05', '04:10:00', 0);
INSERT INTO Erzeugung VALUES ('2024-01-05', '04:15:00', 0);
INSERT INTO Erzeugung VALUES ('2024-01-05', '04:20:00', 0);
INSERT INTO Erzeugung VALUES ('2024-01-05', '04:25:00', 0);
INSERT INTO Erzeugung VALUES ('2024-01-05', '04:30:00', 0);
INSERT INTO Erzeugung VALUES ('2024-01-05', '04:35:00', 0);
INSERT INTO Erzeugung VALUES ('2024-01-05', '04:40:00', 0);
INSERT INTO Erzeugung VALUES ('2024-01-05', '04:45:00', 0);
INSERT INTO Erzeugung VALUES ('2024-01-05', '04:50:00', 0);
INSERT INTO Erzeugung VALUES ('2024-01-05', '04:55:00', 0);
INSERT INTO Erzeugung VALUES ('2024-01-05', '05:00:00', 0);
INSERT INTO Erzeugung VALUES ('2024-01-05', '05:05:00', 0);
INSERT INTO Erzeugung VALUES ('2024-01-05', '05:10:00', 0);
INSERT INTO Erzeugung VALUES ('2024-01-05', '05:15:00', 0);
INSERT INTO Erzeugung VALUES ('2024-01-05', '05:20:00', 0);
INSERT INTO Erzeugung VALUES ('2024-01-05', '05:25:00', 0);
INSERT INTO Erzeugung VALUES ('2024-01-05', '05:30:00', 0);
INSERT INTO Erzeugung VALUES ('2024-01-05', '05:35:00', 0);
INSERT INTO Erzeugung VALUES ('2024-01-05', '05:40:00', 0);
INSERT INTO Erzeugung VALUES ('2024-01-05', '05:45:00', 0);
INSERT INTO Erzeugung VALUES ('2024-01-05', '05:50:00', 0);
INSERT INTO Erzeugung VALUES ('2024-01-05', '05:55:00', 0);
INSERT INTO Erzeugung VALUES ('2024-01-05', '06:00:00', 0);
INSERT INTO Erzeugung VALUES ('2024-01-05', '06:05:00', 0);
INSERT INTO Erzeugung VALUES ('2024-01-05', '06:10:00', 0);
INSERT INTO Erzeugung VALUES ('2024-01-05', '06:15:00', 0);
INSERT INTO Erzeugung VALUES ('2024-01-05', '06:20:00', 0);
INSERT INTO Erzeugung VALUES ('2024-01-05', '06:25:00', 0);
INSERT INTO Erzeugung VALUES ('2024-01-05', '06:30:00', 0);
INSERT INTO Erzeugung VALUES ('2024-01-05', '06:35:00', 0);
INSERT INTO Erzeugung VALUES ('2024-01-05', '06:40:00', 0);
INSERT INTO Erzeugung VALUES ('2024-01-05', '06:45:00', 0);
INSERT INTO Erzeugung VALUES ('2024-01-05', '06:50:00', 0);
INSERT INTO Erzeugung VALUES ('2024-01-05', '06:55:00', 0);
INSERT INTO Erzeugung VALUES ('2024-01-05', '07:00:00', 0);
INSERT INTO Erzeugung VALUES ('2024-01-05', '07:05:00', 0);
INSERT INTO Erzeugung VALUES ('2024-01-05', '07:10:00', 0);
INSERT INTO Erzeugung VALUES ('2024-01-05', '07:15:00', 0);
INSERT INTO Erzeugung VALUES ('2024-01-05', '07:20:00', 0);
INSERT INTO Erzeugung VALUES ('2024-01-05', '07:25:00', 0);
INSERT INTO Erzeugung VALUES ('2024-01-05', '07:30:00', 0);
INSERT INTO Erzeugung VALUES ('2024-01-05', '07:35:00', 0);
INSERT INTO Erzeugung VALUES ('2024-01-05', '07:40:00', 0);
INSERT INTO Erzeugung VALUES ('2024-01-05', '07:45:00', 0);
INSERT INTO Erzeugung VALUES ('2024-01-05', '07:50:00', 0);
INSERT INTO Erzeugung VALUES ('2024-01-05', '07:55:00', 0);
INSERT INTO Erzeugung VALUES ('2024-01-05', '08:00:00', 0);
INSERT INTO Erzeugung VALUES ('2024-01-05', '08:05:00', 0);
INSERT INTO Erzeugung VALUES ('2024-01-05', '08:10:00', 0);
INSERT INTO Erzeugung VALUES ('2024-01-05', '08:15:00', 12);
INSERT INTO Erzeugung VALUES ('2024-01-05', '08:20:00', 28);
INSERT INTO Erzeugung VALUES ('2024-01-05', '08:25:00', 32);
INSERT INTO Erzeugung VALUES ('2024-01-05', '08:30:00', 59);
INSERT INTO Erzeugung VALUES ('2024-01-05', '08:35:00', 75);
INSERT INTO Erzeugung VALUES ('2024-01-05', '08:40:00', 89);
INSERT INTO Erzeugung VALUES ('2024-01-05', '08:45:00', 116);
INSERT INTO Erzeugung VALUES ('2024-01-05', '08:50:00', 153);
INSERT INTO Erzeugung VALUES ('2024-01-05', '08:55:00', 240);
INSERT INTO Erzeugung VALUES ('2024-01-05', '09:00:00', 327);
INSERT INTO Erzeugung VALUES ('2024-01-05', '09:05:00', 930);
INSERT INTO Erzeugung VALUES ('2024-01-05', '09:10:00', 1249);
INSERT INTO Erzeugung VALUES ('2024-01-05', '09:15:00', 1738);
INSERT INTO Erzeugung VALUES ('2024-01-05', '09:20:00', 1911);
INSERT INTO Erzeugung VALUES ('2024-01-05', '09:25:00', 2096);
INSERT INTO Erzeugung VALUES ('2024-01-05', '09:30:00', 2264);
INSERT INTO Erzeugung VALUES ('2024-01-05', '09:35:00', 2309);
INSERT INTO Erzeugung VALUES ('2024-01-05', '09:40:00', 1521);
INSERT INTO Erzeugung VALUES ('2024-01-05', '09:45:00', 882);
INSERT INTO Erzeugung VALUES ('2024-01-05', '09:50:00', 2071);
INSERT INTO Erzeugung VALUES ('2024-01-05', '09:55:00', 1201);
INSERT INTO Erzeugung VALUES ('2024-01-05', '10:00:00', 1016);
INSERT INTO Erzeugung VALUES ('2024-01-05', '10:05:00', 2769);
INSERT INTO Erzeugung VALUES ('2024-01-05', '10:10:00', 2596);
INSERT INTO Erzeugung VALUES ('2024-01-05', '10:15:00', 883);
INSERT INTO Erzeugung VALUES ('2024-01-05', '10:20:00', 781);
INSERT INTO Erzeugung VALUES ('2024-01-05', '10:25:00', 779);
INSERT INTO Erzeugung VALUES ('2024-01-05', '10:30:00', 2153);
INSERT INTO Erzeugung VALUES ('2024-01-05', '10:35:00', 2965);
INSERT INTO Erzeugung VALUES ('2024-01-05', '10:40:00', 1235);
INSERT INTO Erzeugung VALUES ('2024-01-05', '10:45:00', 1988);
INSERT INTO Erzeugung VALUES ('2024-01-05', '10:50:00', 1373);
INSERT INTO Erzeugung VALUES ('2024-01-05', '10:55:00', 2410);
INSERT INTO Erzeugung VALUES ('2024-01-05', '11:00:00', 1926);
INSERT INTO Erzeugung VALUES ('2024-01-05', '11:05:00', 2099);
INSERT INTO Erzeugung VALUES ('2024-01-05', '11:10:00', 2693);
INSERT INTO Erzeugung VALUES ('2024-01-05', '11:15:00', 3882);
INSERT INTO Erzeugung VALUES ('2024-01-05', '11:20:00', 4155);
INSERT INTO Erzeugung VALUES ('2024-01-05', '11:25:00', 3479);
INSERT INTO Erzeugung VALUES ('2024-01-05', '11:30:00', 1484);
INSERT INTO Erzeugung VALUES ('2024-01-05', '11:35:00', 1543);
INSERT INTO Erzeugung VALUES ('2024-01-05', '11:40:00', 1730);
INSERT INTO Erzeugung VALUES ('2024-01-05', '11:45:00', 2017);
INSERT INTO Erzeugung VALUES ('2024-01-05', '11:50:00', 2241);
INSERT INTO Erzeugung VALUES ('2024-01-05', '11:55:00', 2006);
INSERT INTO Erzeugung VALUES ('2024-01-05', '12:00:00', 2021);
INSERT INTO Erzeugung VALUES ('2024-01-05', '12:05:00', 2218);
INSERT INTO Erzeugung VALUES ('2024-01-05', '12:10:00', 4101);
INSERT INTO Erzeugung VALUES ('2024-01-05', '12:15:00', 1995);
INSERT INTO Erzeugung VALUES ('2024-01-05', '12:20:00', 2756);
INSERT INTO Erzeugung VALUES ('2024-01-05', '12:25:00', 2323);
INSERT INTO Erzeugung VALUES ('2024-01-05', '12:30:00', 2760);
INSERT INTO Erzeugung VALUES ('2024-01-05', '12:35:00', 1924);
INSERT INTO Erzeugung VALUES ('2024-01-05', '12:40:00', 1680);
INSERT INTO Erzeugung VALUES ('2024-01-05', '12:45:00', 1445);
INSERT INTO Erzeugung VALUES ('2024-01-05', '12:50:00', 1215);
INSERT INTO Erzeugung VALUES ('2024-01-05', '12:55:00', 1374);
INSERT INTO Erzeugung VALUES ('2024-01-05', '13:00:00', 1218);
INSERT INTO Erzeugung VALUES ('2024-01-05', '13:05:00', 983);
INSERT INTO Erzeugung VALUES ('2024-01-05', '13:10:00', 944);
INSERT INTO Erzeugung VALUES ('2024-01-05', '13:15:00', 786);
INSERT INTO Erzeugung VALUES ('2024-01-05', '13:20:00', 678);
INSERT INTO Erzeugung VALUES ('2024-01-05', '13:25:00', 656);
INSERT INTO Erzeugung VALUES ('2024-01-05', '13:30:00', 564);
INSERT INTO Erzeugung VALUES ('2024-01-05', '13:35:00', 535);
INSERT INTO Erzeugung VALUES ('2024-01-05', '13:40:00', 606);
INSERT INTO Erzeugung VALUES ('2024-01-05', '13:45:00', 586);
INSERT INTO Erzeugung VALUES ('2024-01-05', '13:50:00', 443);
INSERT INTO Erzeugung VALUES ('2024-01-05', '13:55:00', 518);
INSERT INTO Erzeugung VALUES ('2024-01-05', '14:00:00', 707);
INSERT INTO Erzeugung VALUES ('2024-01-05', '14:05:00', 539);
INSERT INTO Erzeugung VALUES ('2024-01-05', '14:10:00', 506);
INSERT INTO Erzeugung VALUES ('2024-01-05', '14:15:00', 539);
INSERT INTO Erzeugung VALUES ('2024-01-05', '14:20:00', 541);
INSERT INTO Erzeugung VALUES ('2024-01-05', '14:25:00', 517);
INSERT INTO Erzeugung VALUES ('2024-01-05', '14:30:00', 455);
INSERT INTO Erzeugung VALUES ('2024-01-05', '14:35:00', 471);
INSERT INTO Erzeugung VALUES ('2024-01-05', '14:40:00', 456);
INSERT INTO Erzeugung VALUES ('2024-01-05', '14:45:00', 386);
INSERT INTO Erzeugung VALUES ('2024-01-05', '14:50:00', 322);
INSERT INTO Erzeugung VALUES ('2024-01-05', '14:55:00', 357);
INSERT INTO Erzeugung VALUES ('2024-01-05', '15:00:00', 438);
INSERT INTO Erzeugung VALUES ('2024-01-05', '15:05:00', 410);
INSERT INTO Erzeugung VALUES ('2024-01-05', '15:10:00', 339);
INSERT INTO Erzeugung VALUES ('2024-01-05', '15:15:00', 401);
INSERT INTO Erzeugung VALUES ('2024-01-05', '15:20:00', 410);
INSERT INTO Erzeugung VALUES ('2024-01-05', '15:25:00', 393);
INSERT INTO Erzeugung VALUES ('2024-01-05', '15:30:00', 370);
INSERT INTO Erzeugung VALUES ('2024-01-05', '15:35:00', 365);
INSERT INTO Erzeugung VALUES ('2024-01-05', '15:40:00', 355);
INSERT INTO Erzeugung VALUES ('2024-01-05', '15:45:00', 401);
INSERT INTO Erzeugung VALUES ('2024-01-05', '15:50:00', 463);
INSERT INTO Erzeugung VALUES ('2024-01-05', '15:55:00', 599);
INSERT INTO Erzeugung VALUES ('2024-01-05', '16:00:00', 625);
INSERT INTO Erzeugung VALUES ('2024-01-05', '16:05:00', 560);
INSERT INTO Erzeugung VALUES ('2024-01-05', '16:10:00', 413);
INSERT INTO Erzeugung VALUES ('2024-01-05', '16:15:00', 459);
INSERT INTO Erzeugung VALUES ('2024-01-05', '16:20:00', 234);
INSERT INTO Erzeugung VALUES ('2024-01-05', '16:25:00', 165);
INSERT INTO Erzeugung VALUES ('2024-01-05', '16:30:00', 130);
INSERT INTO Erzeugung VALUES ('2024-01-05', '16:35:00', 112);
INSERT INTO Erzeugung VALUES ('2024-01-05', '16:40:00', 77);
INSERT INTO Erzeugung VALUES ('2024-01-05', '16:45:00', 15);
INSERT INTO Erzeugung VALUES ('2024-01-05', '16:50:00', 0);
INSERT INTO Erzeugung VALUES ('2024-01-05', '16:55:00', 0);
INSERT INTO Erzeugung VALUES ('2024-01-05', '17:00:00', 0);
INSERT INTO Erzeugung VALUES ('2024-01-05', '17:05:00', 0);
INSERT INTO Erzeugung VALUES ('2024-01-05', '17:10:00', 0);
INSERT INTO Erzeugung VALUES ('2024-01-05', '17:15:00', 0);
INSERT INTO Erzeugung VALUES ('2024-01-05', '17:20:00', 0);
INSERT INTO Erzeugung VALUES ('2024-01-05', '17:25:00', 0);
INSERT INTO Erzeugung VALUES ('2024-01-05', '17:30:00', 0);
INSERT INTO Erzeugung VALUES ('2024-01-05', '17:35:00', 0);
INSERT INTO Erzeugung VALUES ('2024-01-05', '17:40:00', 0);
INSERT INTO Erzeugung VALUES ('2024-01-05', '17:45:00', 0);
INSERT INTO Erzeugung VALUES ('2024-01-05', '17:50:00', 0);
INSERT INTO Erzeugung VALUES ('2024-01-05', '17:55:00', 0);
INSERT INTO Erzeugung VALUES ('2024-01-05', '18:00:00', 0);
INSERT INTO Erzeugung VALUES ('2024-01-05', '18:05:00', 0);
INSERT INTO Erzeugung VALUES ('2024-01-05', '18:10:00', 0);
INSERT INTO Erzeugung VALUES ('2024-01-05', '18:15:00', 0);
INSERT INTO Erzeugung VALUES ('2024-01-05', '18:20:00', 0);
INSERT INTO Erzeugung VALUES ('2024-01-05', '18:25:00', 0);
INSERT INTO Erzeugung VALUES ('2024-01-05', '18:30:00', 0);
INSERT INTO Erzeugung VALUES ('2024-01-05', '18:35:00', 0);
INSERT INTO Erzeugung VALUES ('2024-01-05', '18:40:00', 0);
INSERT INTO Erzeugung VALUES ('2024-01-05', '18:45:00', 0);
INSERT INTO Erzeugung VALUES ('2024-01-05', '18:50:00', 0);
INSERT INTO Erzeugung VALUES ('2024-01-05', '18:55:00', 0);
INSERT INTO Erzeugung VALUES ('2024-01-05', '19:00:00', 0);
INSERT INTO Erzeugung VALUES ('2024-01-05', '19:05:00', 0);
INSERT INTO Erzeugung VALUES ('2024-01-05', '19:10:00', 0);
INSERT INTO Erzeugung VALUES ('2024-01-05', '19:15:00', 0);
INSERT INTO Erzeugung VALUES ('2024-01-05', '19:20:00', 0);
INSERT INTO Erzeugung VALUES ('2024-01-05', '19:25:00', 0);
INSERT INTO Erzeugung VALUES ('2024-01-05', '19:30:00', 0);
INSERT INTO Erzeugung VALUES ('2024-01-05', '19:35:00', 0);
INSERT INTO Erzeugung VALUES ('2024-01-05', '19:40:00', 0);
INSERT INTO Erzeugung VALUES ('2024-01-05', '19:45:00', 0);
INSERT INTO Erzeugung VALUES ('2024-01-05', '19:50:00', 0);
INSERT INTO Erzeugung VALUES ('2024-01-05', '19:55:00', 0);
INSERT INTO Erzeugung VALUES ('2024-01-05', '20:00:00', 0);
INSERT INTO Erzeugung VALUES ('2024-01-05', '20:05:00', 0);
INSERT INTO Erzeugung VALUES ('2024-01-05', '20:10:00', 0);
INSERT INTO Erzeugung VALUES ('2024-01-05', '20:15:00', 0);
INSERT INTO Erzeugung VALUES ('2024-01-05', '20:20:00', 0);
INSERT INTO Erzeugung VALUES ('2024-01-05', '20:25:00', 0);
INSERT INTO Erzeugung VALUES ('2024-01-05', '20:30:00', 0);
INSERT INTO Erzeugung VALUES ('2024-01-05', '20:35:00', 0);
INSERT INTO Erzeugung VALUES ('2024-01-05', '20:40:00', 0);
INSERT INTO Erzeugung VALUES ('2024-01-05', '20:45:00', 0);
INSERT INTO Erzeugung VALUES ('2024-01-05', '20:50:00', 0);
INSERT INTO Erzeugung VALUES ('2024-01-05', '20:55:00', 0);
INSERT INTO Erzeugung VALUES ('2024-01-05', '21:00:00', 0);
INSERT INTO Erzeugung VALUES ('2024-01-05', '21:05:00', 0);
INSERT INTO Erzeugung VALUES ('2024-01-05', '21:10:00', 0);
INSERT INTO Erzeugung VALUES ('2024-01-05', '21:15:00', 0);
INSERT INTO Erzeugung VALUES ('2024-01-05', '21:20:00', 0);
INSERT INTO Erzeugung VALUES ('2024-01-05', '21:25:00', 0);
INSERT INTO Erzeugung VALUES ('2024-01-05', '21:30:00', 0);
INSERT INTO Erzeugung VALUES ('2024-01-05', '21:35:00', 0);
INSERT INTO Erzeugung VALUES ('2024-01-05', '21:40:00', 0);
INSERT INTO Erzeugung VALUES ('2024-01-05', '21:45:00', 0);
INSERT INTO Erzeugung VALUES ('2024-01-05', '21:50:00', 0);
INSERT INTO Erzeugung VALUES ('2024-01-05', '21:55:00', 0);
INSERT INTO Erzeugung VALUES ('2024-01-05', '22:00:00', 0);
INSERT INTO Erzeugung VALUES ('2024-01-05', '22:05:00', 0);
INSERT INTO Erzeugung VALUES ('2024-01-05', '22:10:00', 0);
INSERT INTO Erzeugung VALUES ('2024-01-05', '22:15:00', 0);
INSERT INTO Erzeugung VALUES ('2024-01-05', '22:20:00', 0);
INSERT INTO Erzeugung VALUES ('2024-01-05', '22:25:00', 0);
INSERT INTO Erzeugung VALUES ('2024-01-05', '22:30:00', 0);
INSERT INTO Erzeugung VALUES ('2024-01-05', '22:35:00', 0);
INSERT INTO Erzeugung VALUES ('2024-01-05', '22:40:00', 0);
INSERT INTO Erzeugung VALUES ('2024-01-05', '22:45:00', 0);
INSERT INTO Erzeugung VALUES ('2024-01-05', '22:50:00', 0);
INSERT INTO Erzeugung VALUES ('2024-01-05', '22:55:00', 0);
INSERT INTO Erzeugung VALUES ('2024-01-06', '00:00:00', 0);
INSERT INTO Erzeugung VALUES ('2024-01-06', '00:05:00', 0);
INSERT INTO Erzeugung VALUES ('2024-01-06', '00:10:00', 0);
INSERT INTO Erzeugung VALUES ('2024-01-06', '00:15:00', 0);
INSERT INTO Erzeugung VALUES ('2024-01-06', '00:20:00', 0);
INSERT INTO Erzeugung VALUES ('2024-01-06', '00:25:00', 0);
INSERT INTO Erzeugung VALUES ('2024-01-06', '00:30:00', 0);
INSERT INTO Erzeugung VALUES ('2024-01-06', '00:35:00', 0);
INSERT INTO Erzeugung VALUES ('2024-01-06', '00:40:00', 0);
INSERT INTO Erzeugung VALUES ('2024-01-06', '00:45:00', 0);
INSERT INTO Erzeugung VALUES ('2024-01-06', '00:50:00', 0);
INSERT INTO Erzeugung VALUES ('2024-01-06', '00:55:00', 0);
INSERT INTO Erzeugung VALUES ('2024-01-06', '01:00:00', 0);
INSERT INTO Erzeugung VALUES ('2024-01-06', '01:05:00', 0);
INSERT INTO Erzeugung VALUES ('2024-01-06', '01:10:00', 0);
INSERT INTO Erzeugung VALUES ('2024-01-06', '01:15:00', 0);
INSERT INTO Erzeugung VALUES ('2024-01-06', '01:20:00', 0);
INSERT INTO Erzeugung VALUES ('2024-01-06', '01:25:00', 0);
INSERT INTO Erzeugung VALUES ('2024-01-06', '01:30:00', 0);
INSERT INTO Erzeugung VALUES ('2024-01-06', '01:35:00', 0);
INSERT INTO Erzeugung VALUES ('2024-01-06', '01:40:00', 0);
INSERT INTO Erzeugung VALUES ('2024-01-06', '01:45:00', 0);
INSERT INTO Erzeugung VALUES ('2024-01-06', '01:50:00', 0);
INSERT INTO Erzeugung VALUES ('2024-01-06', '01:55:00', 0);
INSERT INTO Erzeugung VALUES ('2024-01-06', '02:00:00', 0);
INSERT INTO Erzeugung VALUES ('2024-01-06', '02:05:00', 0);
INSERT INTO Erzeugung VALUES ('2024-01-06', '02:10:00', 0);
INSERT INTO Erzeugung VALUES ('2024-01-06', '02:15:00', 0);
INSERT INTO Erzeugung VALUES ('2024-01-06', '02:20:00', 0);
INSERT INTO Erzeugung VALUES ('2024-01-06', '02:25:00', 0);
INSERT INTO Erzeugung VALUES ('2024-01-06', '02:30:00', 0);
INSERT INTO Erzeugung VALUES ('2024-01-06', '02:35:00', 0);
INSERT INTO Erzeugung VALUES ('2024-01-06', '02:40:00', 0);
INSERT INTO Erzeugung VALUES ('2024-01-06', '02:45:00', 0);
INSERT INTO Erzeugung VALUES ('2024-01-06', '02:50:00', 0);
INSERT INTO Erzeugung VALUES ('2024-01-06', '02:55:00', 0);
INSERT INTO Erzeugung VALUES ('2024-01-06', '03:00:00', 0);
INSERT INTO Erzeugung VALUES ('2024-01-06', '03:05:00', 0);
INSERT INTO Erzeugung VALUES ('2024-01-06', '03:10:00', 0);
INSERT INTO Erzeugung VALUES ('2024-01-06', '03:15:00', 0);
INSERT INTO Erzeugung VALUES ('2024-01-06', '03:20:00', 0);
INSERT INTO Erzeugung VALUES ('2024-01-06', '03:25:00', 0);
INSERT INTO Erzeugung VALUES ('2024-01-06', '03:30:00', 0);
INSERT INTO Erzeugung VALUES ('2024-01-06', '03:35:00', 0);
INSERT INTO Erzeugung VALUES ('2024-01-06', '03:40:00', 0);
INSERT INTO Erzeugung VALUES ('2024-01-06', '03:45:00', 0);
INSERT INTO Erzeugung VALUES ('2024-01-06', '03:50:00', 0);
INSERT INTO Erzeugung VALUES ('2024-01-06', '03:55:00', 0);
INSERT INTO Erzeugung VALUES ('2024-01-06', '04:00:00', 0);
INSERT INTO Erzeugung VALUES ('2024-01-06', '04:05:00', 0);
INSERT INTO Erzeugung VALUES ('2024-01-06', '04:10:00', 0);
INSERT INTO Erzeugung VALUES ('2024-01-06', '04:15:00', 0);
INSERT INTO Erzeugung VALUES ('2024-01-06', '04:20:00', 0);
INSERT INTO Erzeugung VALUES ('2024-01-06', '04:25:00', 0);
INSERT INTO Erzeugung VALUES ('2024-01-06', '04:30:00', 0);
INSERT INTO Erzeugung VALUES ('2024-01-06', '04:35:00', 0);
INSERT INTO Erzeugung VALUES ('2024-01-06', '04:40:00', 0);
INSERT INTO Erzeugung VALUES ('2024-01-06', '04:45:00', 0);
INSERT INTO Erzeugung VALUES ('2024-01-06', '04:50:00', 0);
INSERT INTO Erzeugung VALUES ('2024-01-06', '04:55:00', 0);
INSERT INTO Erzeugung VALUES ('2024-01-06', '05:00:00', 0);
INSERT INTO Erzeugung VALUES ('2024-01-06', '05:05:00', 0);
INSERT INTO Erzeugung VALUES ('2024-01-06', '05:10:00', 0);
INSERT INTO Erzeugung VALUES ('2024-01-06', '05:15:00', 0);
INSERT INTO Erzeugung VALUES ('2024-01-06', '05:20:00', 0);
INSERT INTO Erzeugung VALUES ('2024-01-06', '05:25:00', 0);
INSERT INTO Erzeugung VALUES ('2024-01-06', '05:30:00', 0);
INSERT INTO Erzeugung VALUES ('2024-01-06', '05:35:00', 0);
INSERT INTO Erzeugung VALUES ('2024-01-06', '05:40:00', 0);
INSERT INTO Erzeugung VALUES ('2024-01-06', '05:45:00', 0);
INSERT INTO Erzeugung VALUES ('2024-01-06', '05:50:00', 0);
INSERT INTO Erzeugung VALUES ('2024-01-06', '05:55:00', 0);
INSERT INTO Erzeugung VALUES ('2024-01-06', '06:00:00', 0);
INSERT INTO Erzeugung VALUES ('2024-01-06', '06:05:00', 0);
INSERT INTO Erzeugung VALUES ('2024-01-06', '06:10:00', 0);
INSERT INTO Erzeugung VALUES ('2024-01-06', '06:15:00', 0);
INSERT INTO Erzeugung VALUES ('2024-01-06', '06:20:00', 0);
INSERT INTO Erzeugung VALUES ('2024-01-06', '06:25:00', 0);
INSERT INTO Erzeugung VALUES ('2024-01-06', '06:30:00', 0);
INSERT INTO Erzeugung VALUES ('2024-01-06', '06:35:00', 0);
INSERT INTO Erzeugung VALUES ('2024-01-06', '06:40:00', 0);
INSERT INTO Erzeugung VALUES ('2024-01-06', '06:45:00', 0);
INSERT INTO Erzeugung VALUES ('2024-01-06', '06:50:00', 0);
INSERT INTO Erzeugung VALUES ('2024-01-06', '06:55:00', 0);
INSERT INTO Erzeugung VALUES ('2024-01-06', '07:00:00', 0);
INSERT INTO Erzeugung VALUES ('2024-01-06', '07:05:00', 0);
INSERT INTO Erzeugung VALUES ('2024-01-06', '07:10:00', 0);
INSERT INTO Erzeugung VALUES ('2024-01-06', '07:15:00', 0);
INSERT INTO Erzeugung VALUES ('2024-01-06', '07:20:00', 0);
INSERT INTO Erzeugung VALUES ('2024-01-06', '07:25:00', 0);
INSERT INTO Erzeugung VALUES ('2024-01-06', '07:30:00', 0);
INSERT INTO Erzeugung VALUES ('2024-01-06', '07:35:00', 0);
INSERT INTO Erzeugung VALUES ('2024-01-06', '07:40:00', 0);
INSERT INTO Erzeugung VALUES ('2024-01-06', '07:45:00', 0);
INSERT INTO Erzeugung VALUES ('2024-01-06', '07:50:00', 0);
INSERT INTO Erzeugung VALUES ('2024-01-06', '07:55:00', 0);
INSERT INTO Erzeugung VALUES ('2024-01-06', '08:00:00', 0);
INSERT INTO Erzeugung VALUES ('2024-01-06', '08:05:00', 0);
INSERT INTO Erzeugung VALUES ('2024-01-06', '08:10:00', 0);
INSERT INTO Erzeugung VALUES ('2024-01-06', '08:15:00', 14);
INSERT INTO Erzeugung VALUES ('2024-01-06', '08:20:00', 31);
INSERT INTO Erzeugung VALUES ('2024-01-06', '08:25:00', 51);
INSERT INTO Erzeugung VALUES ('2024-01-06', '08:30:00', 70);
INSERT INTO Erzeugung VALUES ('2024-01-06', '08:35:00', 85);
INSERT INTO Erzeugung VALUES ('2024-01-06', '08:40:00', 102);
INSERT INTO Erzeugung VALUES ('2024-01-06', '08:45:00', 135);
INSERT INTO Erzeugung VALUES ('2024-01-06', '08:50:00', 187);
INSERT INTO Erzeugung VALUES ('2024-01-06', '08:55:00', 289);
INSERT INTO Erzeugung VALUES ('2024-01-06', '09:00:00', 561);
INSERT INTO Erzeugung VALUES ('2024-01-06', '09:05:00', 1064);
INSERT INTO Erzeugung VALUES ('2024-01-06', '09:10:00', 766);
INSERT INTO Erzeugung VALUES ('2024-01-06', '09:15:00', 642);
INSERT INTO Erzeugung VALUES ('2024-01-06', '09:20:00', 693);
INSERT INTO Erzeugung VALUES ('2024-01-06', '09:25:00', 684);
INSERT INTO Erzeugung VALUES ('2024-01-06', '09:30:00', 760);
INSERT INTO Erzeugung VALUES ('2024-01-06', '09:35:00', 859);
INSERT INTO Erzeugung VALUES ('2024-01-06', '09:40:00', 1168);
INSERT INTO Erzeugung VALUES ('2024-01-06', '09:45:00', 1717);
INSERT INTO Erzeugung VALUES ('2024-01-06', '09:50:00', 2098);
INSERT INTO Erzeugung VALUES ('2024-01-06', '09:55:00', 2102);
INSERT INTO Erzeugung VALUES ('2024-01-06', '10:00:00', 2289);
INSERT INTO Erzeugung VALUES ('2024-01-06', '10:05:00', 1872);
INSERT INTO Erzeugung VALUES ('2024-01-06', '10:10:00', 1863);
INSERT INTO Erzeugung VALUES ('2024-01-06', '10:15:00', 1457);
INSERT INTO Erzeugung VALUES ('2024-01-06', '10:20:00', 2139);
INSERT INTO Erzeugung VALUES ('2024-01-06', '10:25:00', 1779);
INSERT INTO Erzeugung VALUES ('2024-01-06', '10:30:00', 2036);
INSERT INTO Erzeugung VALUES ('2024-01-06', '10:35:00', 2384);
INSERT INTO Erzeugung VALUES ('2024-01-06', '10:40:00', 2433);
INSERT INTO Erzeugung VALUES ('2024-01-06', '10:45:00', 3290);
INSERT INTO Erzeugung VALUES ('2024-01-06', '10:50:00', 3998);
INSERT INTO Erzeugung VALUES ('2024-01-06', '10:55:00', 3260);
INSERT INTO Erzeugung VALUES ('2024-01-06', '11:00:00', 2593);
INSERT INTO Erzeugung VALUES ('2024-01-06', '11:05:00', 2577);
INSERT INTO Erzeugung VALUES ('2024-01-06', '11:10:00', 2102);
INSERT INTO Erzeugung VALUES ('2024-01-06', '11:15:00', 1805);
INSERT INTO Erzeugung VALUES ('2024-01-06', '11:20:00', 2056);
INSERT INTO Erzeugung VALUES ('2024-01-06', '11:25:00', 1825);
INSERT INTO Erzeugung VALUES ('2024-01-06', '11:30:00', 1829);
INSERT INTO Erzeugung VALUES ('2024-01-06', '11:35:00', 2022);
INSERT INTO Erzeugung VALUES ('2024-01-06', '11:40:00', 2123);
INSERT INTO Erzeugung VALUES ('2024-01-06', '11:45:00', 2013);
INSERT INTO Erzeugung VALUES ('2024-01-06', '11:50:00', 1889);
INSERT INTO Erzeugung VALUES ('2024-01-06', '11:55:00', 1752);
INSERT INTO Erzeugung VALUES ('2024-01-06', '12:00:00', 1709);
INSERT INTO Erzeugung VALUES ('2024-01-06', '12:05:00', 1775);
INSERT INTO Erzeugung VALUES ('2024-01-06', '12:10:00', 1807);
INSERT INTO Erzeugung VALUES ('2024-01-06', '12:15:00', 1746);
INSERT INTO Erzeugung VALUES ('2024-01-06', '12:20:00', 1584);
INSERT INTO Erzeugung VALUES ('2024-01-06', '12:25:00', 1475);
INSERT INTO Erzeugung VALUES ('2024-01-06', '12:30:00', 1498);
INSERT INTO Erzeugung VALUES ('2024-01-06', '12:35:00', 1562);
INSERT INTO Erzeugung VALUES ('2024-01-06', '12:40:00', 1645);
INSERT INTO Erzeugung VALUES ('2024-01-06', '12:45:00', 1630);
INSERT INTO Erzeugung VALUES ('2024-01-06', '12:50:00', 1563);
INSERT INTO Erzeugung VALUES ('2024-01-06', '12:55:00', 1538);
INSERT INTO Erzeugung VALUES ('2024-01-06', '13:00:00', 1567);
INSERT INTO Erzeugung VALUES ('2024-01-06', '13:05:00', 1632);
INSERT INTO Erzeugung VALUES ('2024-01-06', '13:10:00', 1593);
INSERT INTO Erzeugung VALUES ('2024-01-06', '13:15:00', 1640);
INSERT INTO Erzeugung VALUES ('2024-01-06', '13:20:00', 1644);
INSERT INTO Erzeugung VALUES ('2024-01-06', '13:25:00', 1639);
INSERT INTO Erzeugung VALUES ('2024-01-06', '13:30:00', 1691);
INSERT INTO Erzeugung VALUES ('2024-01-06', '13:35:00', 1936);
INSERT INTO Erzeugung VALUES ('2024-01-06', '13:40:00', 1894);
INSERT INTO Erzeugung VALUES ('2024-01-06', '13:45:00', 1754);
INSERT INTO Erzeugung VALUES ('2024-01-06', '13:50:00', 1693);
INSERT INTO Erzeugung VALUES ('2024-01-06', '13:55:00', 1609);
INSERT INTO Erzeugung VALUES ('2024-01-06', '14:00:00', 1563);
INSERT INTO Erzeugung VALUES ('2024-01-06', '14:05:00', 1413);
INSERT INTO Erzeugung VALUES ('2024-01-06', '14:10:00', 1461);
INSERT INTO Erzeugung VALUES ('2024-01-06', '14:15:00', 1642);
INSERT INTO Erzeugung VALUES ('2024-01-06', '14:20:00', 2114);
INSERT INTO Erzeugung VALUES ('2024-01-06', '14:25:00', 3542);
INSERT INTO Erzeugung VALUES ('2024-01-06', '14:30:00', 2836);
INSERT INTO Erzeugung VALUES ('2024-01-06', '14:35:00', 1917);
INSERT INTO Erzeugung VALUES ('2024-01-06', '14:40:00', 2132);
INSERT INTO Erzeugung VALUES ('2024-01-06', '14:45:00', 2405);
INSERT INTO Erzeugung VALUES ('2024-01-06', '14:50:00', 2242);
INSERT INTO Erzeugung VALUES ('2024-01-06', '14:55:00', 2438);
INSERT INTO Erzeugung VALUES ('2024-01-06', '15:00:00', 2198);
INSERT INTO Erzeugung VALUES ('2024-01-06', '15:05:00', 1037);
INSERT INTO Erzeugung VALUES ('2024-01-06', '15:10:00', 693);
INSERT INTO Erzeugung VALUES ('2024-01-06', '15:15:00', 628);
INSERT INTO Erzeugung VALUES ('2024-01-06', '15:20:00', 614);
INSERT INTO Erzeugung VALUES ('2024-01-06', '15:25:00', 590);
INSERT INTO Erzeugung VALUES ('2024-01-06', '15:30:00', 589);
INSERT INTO Erzeugung VALUES ('2024-01-06', '15:35:00', 597);
INSERT INTO Erzeugung VALUES ('2024-01-06', '15:40:00', 582);
INSERT INTO Erzeugung VALUES ('2024-01-06', '15:45:00', 559);
INSERT INTO Erzeugung VALUES ('2024-01-06', '15:50:00', 578);
INSERT INTO Erzeugung VALUES ('2024-01-06', '15:55:00', 465);
INSERT INTO Erzeugung VALUES ('2024-01-06', '16:00:00', 296);
INSERT INTO Erzeugung VALUES ('2024-01-06', '16:05:00', 218);
INSERT INTO Erzeugung VALUES ('2024-01-06', '16:10:00', 188);
INSERT INTO Erzeugung VALUES ('2024-01-06', '16:15:00', 166);
INSERT INTO Erzeugung VALUES ('2024-01-06', '16:20:00', 134);
INSERT INTO Erzeugung VALUES ('2024-01-06', '16:25:00', 98);
INSERT INTO Erzeugung VALUES ('2024-01-06', '16:30:00', 54);
INSERT INTO Erzeugung VALUES ('2024-01-06', '16:35:00', 0);
INSERT INTO Erzeugung VALUES ('2024-01-06', '16:40:00', 0);
INSERT INTO Erzeugung VALUES ('2024-01-06', '16:45:00', 0);
INSERT INTO Erzeugung VALUES ('2024-01-06', '16:50:00', 0);
INSERT INTO Erzeugung VALUES ('2024-01-06', '16:55:00', 0);
INSERT INTO Erzeugung VALUES ('2024-01-06', '17:00:00', 0);
INSERT INTO Erzeugung VALUES ('2024-01-06', '17:05:00', 0);
INSERT INTO Erzeugung VALUES ('2024-01-06', '17:10:00', 0);
INSERT INTO Erzeugung VALUES ('2024-01-06', '17:15:00', 0);
INSERT INTO Erzeugung VALUES ('2024-01-06', '17:20:00', 0);
INSERT INTO Erzeugung VALUES ('2024-01-06', '17:25:00', 0);
INSERT INTO Erzeugung VALUES ('2024-01-06', '17:30:00', 0);
INSERT INTO Erzeugung VALUES ('2024-01-06', '17:35:00', 0);
INSERT INTO Erzeugung VALUES ('2024-01-06', '17:40:00', 0);
INSERT INTO Erzeugung VALUES ('2024-01-06', '17:45:00', 0);
INSERT INTO Erzeugung VALUES ('2024-01-06', '17:50:00', 0);
INSERT INTO Erzeugung VALUES ('2024-01-06', '17:55:00', 0);
INSERT INTO Erzeugung VALUES ('2024-01-06', '18:00:00', 0);
INSERT INTO Erzeugung VALUES ('2024-01-06', '18:05:00', 0);
INSERT INTO Erzeugung VALUES ('2024-01-06', '18:10:00', 0);
INSERT INTO Erzeugung VALUES ('2024-01-06', '18:15:00', 0);
INSERT INTO Erzeugung VALUES ('2024-01-06', '18:20:00', 0);
INSERT INTO Erzeugung VALUES ('2024-01-06', '18:25:00', 0);
INSERT INTO Erzeugung VALUES ('2024-01-06', '18:30:00', 0);
INSERT INTO Erzeugung VALUES ('2024-01-06', '18:35:00', 0);
INSERT INTO Erzeugung VALUES ('2024-01-06', '18:40:00', 0);
INSERT INTO Erzeugung VALUES ('2024-01-06', '18:45:00', 0);
INSERT INTO Erzeugung VALUES ('2024-01-06', '18:50:00', 0);
INSERT INTO Erzeugung VALUES ('2024-01-06', '18:55:00', 0);
INSERT INTO Erzeugung VALUES ('2024-01-06', '19:00:00', 0);
INSERT INTO Erzeugung VALUES ('2024-01-06', '19:05:00', 0);
INSERT INTO Erzeugung VALUES ('2024-01-06', '19:10:00', 0);
INSERT INTO Erzeugung VALUES ('2024-01-06', '19:15:00', 0);
INSERT INTO Erzeugung VALUES ('2024-01-06', '19:20:00', 0);
INSERT INTO Erzeugung VALUES ('2024-01-06', '19:25:00', 0);
INSERT INTO Erzeugung VALUES ('2024-01-06', '19:30:00', 0);
INSERT INTO Erzeugung VALUES ('2024-01-06', '19:35:00', 0);
INSERT INTO Erzeugung VALUES ('2024-01-06', '19:40:00', 0);
INSERT INTO Erzeugung VALUES ('2024-01-06', '19:45:00', 0);
INSERT INTO Erzeugung VALUES ('2024-01-06', '19:50:00', 0);
INSERT INTO Erzeugung VALUES ('2024-01-06', '19:55:00', 0);
INSERT INTO Erzeugung VALUES ('2024-01-06', '20:00:00', 0);
INSERT INTO Erzeugung VALUES ('2024-01-06', '20:05:00', 0);
INSERT INTO Erzeugung VALUES ('2024-01-06', '20:10:00', 0);
INSERT INTO Erzeugung VALUES ('2024-01-06', '20:15:00', 0);
INSERT INTO Erzeugung VALUES ('2024-01-06', '20:20:00', 0);
INSERT INTO Erzeugung VALUES ('2024-01-06', '20:25:00', 0);
INSERT INTO Erzeugung VALUES ('2024-01-06', '20:30:00', 0);
INSERT INTO Erzeugung VALUES ('2024-01-06', '20:35:00', 0);
INSERT INTO Erzeugung VALUES ('2024-01-06', '20:40:00', 0);
INSERT INTO Erzeugung VALUES ('2024-01-06', '20:45:00', 0);
INSERT INTO Erzeugung VALUES ('2024-01-06', '20:50:00', 0);
INSERT INTO Erzeugung VALUES ('2024-01-06', '20:55:00', 0);
INSERT INTO Erzeugung VALUES ('2024-01-06', '21:00:00', 0);
INSERT INTO Erzeugung VALUES ('2024-01-06', '21:05:00', 0);
INSERT INTO Erzeugung VALUES ('2024-01-06', '21:10:00', 0);
INSERT INTO Erzeugung VALUES ('2024-01-06', '21:15:00', 0);
INSERT INTO Erzeugung VALUES ('2024-01-06', '21:20:00', 0);
INSERT INTO Erzeugung VALUES ('2024-01-06', '21:25:00', 0);
INSERT INTO Erzeugung VALUES ('2024-01-06', '21:30:00', 0);
INSERT INTO Erzeugung VALUES ('2024-01-06', '21:35:00', 0);
INSERT INTO Erzeugung VALUES ('2024-01-06', '21:40:00', 0);
INSERT INTO Erzeugung VALUES ('2024-01-06', '21:45:00', 0);
INSERT INTO Erzeugung VALUES ('2024-01-06', '21:50:00', 0);

